date,exchange_rate_usd_gtq,official_super_gtq,official_regular_gtq,official_diesel_gtq
2021-01-01,7.79382,21.91,21.11,17.61
2021-01-02,7.79382,21.91,21.11,17.61
2021-01-03,7.79382,21.91,21.11,17.61
2021-01-04,7.79417,21.91,21.11,17.61
2021-01-05,7.79369,21.91,21.11,17.61
2021-01-06,7.79735,21.91,21.11,17.61
2021-01-07,7.79493,21.91,21.11,17.61
2021-01-08,7.80089,21.91,21.11,17.61
2021-01-09,7.80089,21.91,21.11,17.61
2021-01-10,7.80089,21.91,21.11,17.61
2021-01-11,7.79581,22.39,21.59,17.69
2021-01-12,7.7962,22.39,21.59,17.69
2021-01-13,7.79686,22.39,21.59,17.69
2021-01-14,7.79124,22.39,21.59,17.69
2021-01-15,7.78903,22.39,21.59,17.69
2021-01-16,7.78903,22.39,21.59,17.69
2021-01-17,7.78903,22.39,21.59,17.69
2021-01-18,7.7856,23.21,22.41,18.3
2021-01-19,7.79345,23.21,22.41,18.3
2021-01-20,7.78725,23.21,22.41,18.3
2021-01-21,7.78209,23.21,22.41,18.3
2021-01-22,7.78162,23.21,22.41,18.3
2021-01-23,7.78162,23.21,22.41,18.3
2021-01-24,7.78162,23.21,22.41,18.3
2021-01-25,7.78124,23.44,22.64,18.47
2021-01-26,7.77958,23.44,22.64,18.47
2021-01-27,7.78483,23.44,22.64,18.47
2021-01-28,7.78262,23.44,22.64,18.47
2021-01-29,7.78638,23.44,22.64,18.47
2021-01-30,7.78638,23.44,22.64,18.47
2021-01-31,7.78638,23.44,22.64,18.47
2021-02-01,7.78003,23.57,22.77,18.57
2021-02-02,7.77836,23.57,22.77,18.57
2021-02-03,7.77857,23.57,22.77,18.57
2021-02-04,7.77652,23.57,22.77,18.57
2021-02-05,7.76627,23.57,22.77,18.57
2021-02-06,7.76627,23.57,22.77,18.57
2021-02-07,7.76627,23.57,22.77,18.57
2021-02-08,7.76611,23.98,23.18,18.98
2021-02-09,7.76291,23.98,23.18,18.98
2021-02-10,7.75873,23.98,23.18,18.98
2021-02-11,7.75519,23.98,23.18,18.98
2021-02-12,7.75002,23.98,23.18,18.98
2021-02-13,7.75002,23.98,23.18,18.98
2021-02-14,7.75002,23.98,23.18,18.98
2021-02-15,7.74667,24.39,23.59,19.79
2021-02-16,7.7464,24.39,23.59,19.79
2021-02-17,7.74185,24.39,23.59,19.79
2021-02-18,7.73698,24.39,23.59,19.79
2021-02-19,7.73197,24.39,23.59,19.79
2021-02-20,7.73197,24.39,23.59,19.79
2021-02-21,7.73197,24.39,23.59,19.79
2021-02-22,7.71868,25.1,24.3,20.5
2021-02-23,7.72021,25.1,24.3,20.5
2021-02-24,7.71568,25.1,24.3,20.5
2021-02-25,7.7148,25.1,24.3,20.5
2021-02-26,7.70922,25.1,24.3,20.5
2021-02-27,7.70922,25.1,24.3,20.5
2021-02-28,7.70922,25.1,24.3,20.5
2021-03-01,7.70606,25.85,25.05,20.86
2021-03-02,7.70271,25.85,25.05,20.86
2021-03-03,7.70784,25.85,25.05,20.86
2021-03-04,7.71007,25.85,25.05,20.86
2021-03-05,7.71553,25.85,25.05,20.86
2021-03-06,7.71553,25.85,25.05,20.86
2021-03-07,7.71553,25.85,25.05,20.86
2021-03-08,7.71276,26.6,25.81,21.31
2021-03-09,7.71698,26.6,25.81,21.31
2021-03-10,7.73021,26.6,25.81,21.31
2021-03-11,7.72378,26.6,25.81,21.31
2021-03-12,7.73057,26.6,25.81,21.31
2021-03-13,7.73057,26.6,25.81,21.31
2021-03-14,7.73057,26.6,25.81,21.31
2021-03-15,7.72429,27.27,26.47,21.68
2021-03-16,7.72084,27.27,26.47,21.68
2021-03-17,7.72462,27.27,26.47,21.68
2021-03-18,7.72059,27.27,26.47,21.68
2021-03-19,7.72156,27.27,26.47,21.68
2021-03-20,7.72156,27.27,26.47,21.68
2021-03-21,7.72156,27.27,26.47,21.68
2021-03-22,7.72274,27.02,26.22,21.41
2021-03-23,7.72002,27.02,26.22,21.41
2021-03-24,7.72758,27.02,26.22,21.41
2021-03-25,7.72719,27.02,26.22,21.41
2021-03-26,7.72379,27.02,26.22,21.41
2021-03-27,7.72379,27.02,26.22,21.41
2021-03-28,7.72379,27.02,26.22,21.41
2021-03-29,7.72267,26.35,25.56,20.8
2021-03-30,7.7199,26.35,25.56,20.8
2021-03-31,7.71498,26.35,25.56,20.8
2021-04-01,7.71498,26.35,25.56,20.8
2021-04-02,7.71498,26.35,25.56,20.8
2021-04-03,7.71498,26.35,25.56,20.8
2021-04-04,7.71498,26.35,25.56,20.8
2021-04-05,7.7179,26.45,25.66,20.71
2021-04-06,7.72277,26.45,25.66,20.71
2021-04-07,7.71815,26.45,25.66,20.71
2021-04-08,7.71725,26.45,25.66,20.71
2021-04-09,7.72209,26.45,25.66,20.71
2021-04-10,7.72209,26.45,25.66,20.71
2021-04-11,7.72209,26.45,25.66,20.71
2021-04-12,7.71748,26.97,26.17,20.43
2021-04-13,7.71454,26.97,26.17,20.43
2021-04-14,7.71791,26.97,26.17,20.43
2021-04-15,7.71877,26.97,26.17,20.43
2021-04-16,7.71832,26.97,26.17,20.43
2021-04-17,7.71832,26.97,26.17,20.43
2021-04-18,7.71832,26.97,26.17,20.43
2021-04-19,7.71216,27.0,26.2,20.59
2021-04-20,7.71103,27.0,26.2,20.59
2021-04-21,7.71206,27.0,26.2,20.59
2021-04-22,7.71432,27.0,26.2,20.59
2021-04-23,7.71463,27.0,26.2,20.59
2021-04-24,7.71463,27.0,26.2,20.59
2021-04-25,7.71463,27.0,26.2,20.59
2021-04-26,7.71238,27.27,26.49,20.87
2021-04-27,7.71167,27.27,26.49,20.87
2021-04-28,7.71934,27.27,26.49,20.87
2021-04-29,7.71649,27.27,26.49,20.87
2021-04-30,7.71812,27.27,26.49,20.87
2021-05-01,7.71812,27.27,26.49,20.87
2021-05-02,7.71812,27.27,26.49,20.87
2021-05-03,7.71812,27.29,26.49,21.12
2021-05-04,7.71336,27.29,26.49,21.12
2021-05-05,7.71288,27.29,26.49,21.12
2021-05-06,7.7117,27.29,26.49,21.12
2021-05-07,7.71133,27.29,26.49,21.12
2021-05-08,7.71133,27.29,26.49,21.12
2021-05-09,7.71133,27.29,26.49,21.12
2021-05-10,7.71048,27.89,27.09,21.79
2021-05-11,7.70861,27.89,27.09,21.79
2021-05-12,7.71034,27.89,27.09,21.79
2021-05-13,7.70898,27.89,27.09,21.79
2021-05-14,7.7102,27.89,27.09,21.79
2021-05-15,7.7102,27.89,27.09,21.79
2021-05-16,7.7102,27.89,27.09,21.79
2021-05-17,7.70923,27.9,27.09,21.79
2021-05-18,7.7092,27.9,27.09,21.79
2021-05-19,7.71246,27.9,27.09,21.79
2021-05-20,7.71203,27.9,27.09,21.79
2021-05-21,7.71822,27.9,27.09,21.79
2021-05-22,7.71822,27.9,27.09,21.79
2021-05-23,7.71822,27.9,27.09,21.79
2021-05-24,7.71544,27.88,27.08,21.78
2021-05-25,7.71791,27.88,27.08,21.78
2021-05-26,7.71942,27.88,27.08,21.78
2021-05-27,7.7219,27.88,27.08,21.78
2021-05-28,7.72459,27.88,27.08,21.78
2021-05-29,7.72459,27.88,27.08,21.78
2021-05-30,7.72459,27.88,27.08,21.78
2021-05-31,7.72117,28.01,27.22,22.29
2021-06-01,7.72935,28.01,27.22,22.29
2021-06-02,7.72179,28.01,27.22,22.29
2021-06-03,7.72533,28.01,27.22,22.29
2021-06-04,7.72994,28.01,27.22,22.29
2021-06-05,7.72994,28.01,27.22,22.29
2021-06-06,7.72994,28.01,27.22,22.29
2021-06-07,7.72393,27.99,27.2,22.58
2021-06-08,7.72481,27.99,27.2,22.58
2021-06-09,7.73186,27.99,27.2,22.58
2021-06-10,7.73802,27.99,27.2,22.58
2021-06-11,7.74072,27.99,27.2,22.58
2021-06-12,7.74072,27.99,27.2,22.58
2021-06-13,7.74072,27.99,27.2,22.58
2021-06-14,7.737,28.19,27.4,22.7
2021-06-15,7.73582,28.19,27.4,22.7
2021-06-16,7.74111,28.19,27.4,22.7
2021-06-17,7.74153,28.19,27.4,22.7
2021-06-18,7.74443,28.19,27.4,22.7
2021-06-19,7.74443,28.19,27.4,22.7
2021-06-20,7.74443,28.19,27.4,22.7
2021-06-21,7.73757,27.68,26.86,21.88
2021-06-22,7.738,27.68,26.86,21.88
2021-06-23,7.74412,27.68,26.86,21.88
2021-06-24,7.74428,27.68,26.86,21.88
2021-06-25,7.75033,27.68,26.86,21.88
2021-06-26,7.75033,27.68,26.86,21.88
2021-06-27,7.75033,27.68,26.86,21.88
2021-06-28,7.75033,27.68,26.86,21.88
2021-06-29,7.75033,27.6,26.8,21.81
2021-06-30,7.74404,27.6,26.8,21.81
2021-07-01,7.744,27.6,26.8,21.81
2021-07-02,7.74502,27.6,26.8,21.81
2021-07-03,7.74502,27.6,26.8,21.81
2021-07-04,7.74502,27.6,26.8,21.81
2021-07-05,7.74235,28.78,27.98,22.97
2021-07-06,7.74274,28.78,27.98,22.97
2021-07-07,7.74339,28.78,27.98,22.97
2021-07-08,7.72481,28.78,27.98,22.97
2021-07-09,7.73186,28.78,27.98,22.97
2021-07-10,7.73802,28.78,27.98,22.97
2021-07-11,7.74072,28.78,27.98,22.97
2021-07-12,7.74072,28.64,27.84,22.82
2021-07-13,7.74072,28.64,27.84,22.82
2021-07-14,7.74309,28.64,27.84,22.82
2021-07-15,7.74341,28.64,27.84,22.82
2021-07-16,7.74478,28.64,27.84,22.82
2021-07-17,7.74478,28.64,27.84,22.82
2021-07-18,7.74478,28.64,27.84,22.82
2021-07-19,7.74535,28.34,27.54,22.55
2021-07-20,7.74279,28.34,27.54,22.55
2021-07-21,7.74457,28.34,27.54,22.55
2021-07-22,7.74615,28.34,27.54,22.55
2021-07-23,7.74671,28.34,27.54,22.55
2021-07-24,7.74671,28.34,27.54,22.55
2021-07-25,7.74671,28.34,27.54,22.55
2021-07-26,7.74425,28.09,27.29,22.1
2021-07-27,7.74312,28.09,27.29,22.1
2021-07-28,7.74328,28.09,27.29,22.1
2021-07-29,7.74762,28.09,27.29,22.1
2021-07-30,7.74751,28.09,27.29,22.1
2021-07-31,7.74751,28.09,27.29,22.1
2021-08-01,7.74751,28.09,27.29,22.1
2021-08-02,7.74846,29.1,28.28,23.1
2021-08-03,7.74181,29.1,28.28,23.1
2021-08-04,7.74579,29.1,28.28,23.1
2021-08-05,7.74765,29.1,28.28,23.1
2021-08-06,7.74821,29.1,28.28,23.1
2021-08-07,7.74821,29.1,28.28,23.1
2021-08-08,7.74821,29.1,28.28,23.1
2021-08-09,7.74671,29.09,28.27,23.09
2021-08-10,7.74134,29.09,28.27,23.09
2021-08-11,7.7395,29.09,28.27,23.09
2021-08-12,7.73969,29.09,28.27,23.09
2021-08-13,7.73802,29.09,28.27,23.09
2021-08-14,7.73802,29.09,28.27,23.09
2021-08-15,7.73802,29.09,28.27,23.09
2021-08-16,7.73802,29.09,28.27,23.09
2021-08-17,7.73577,28.8,28.0,22.8
2021-08-18,7.73522,28.8,28.0,22.8
2021-08-19,7.73636,28.8,28.0,22.8
2021-08-20,7.73501,28.8,28.0,22.8
2021-08-21,7.73501,28.8,28.0,22.8
2021-08-22,7.73501,28.8,28.0,22.8
2021-08-23,7.73248,28.79,27.99,22.79
2021-08-24,7.73216,28.79,27.99,22.79
2021-08-25,7.73273,28.79,27.99,22.79
2021-08-26,7.73256,28.79,27.99,22.79
2021-08-27,7.73179,28.79,27.99,22.79
2021-08-28,7.73179,28.79,27.99,22.79
2021-08-29,7.73179,28.79,27.99,22.79
2021-08-30,7.72752,28.79,27.99,22.79
2021-08-31,7.72957,28.79,27.99,22.79
2021-09-01,7.7308,28.79,27.99,22.79
2021-09-02,7.73415,28.79,27.99,22.79
2021-09-03,7.73213,28.79,27.99,22.79
2021-09-04,7.73213,28.79,27.99,22.79
2021-09-05,7.73213,28.79,27.99,22.79
2021-09-06,7.72922,29.11,28.4,23.2
2021-09-07,7.73432,29.11,28.4,23.2
2021-09-08,7.73144,29.11,28.4,23.2
2021-09-09,7.729,29.11,28.4,23.2
2021-09-10,7.73025,29.11,28.4,23.2
2021-09-11,7.73025,29.11,28.4,23.2
2021-09-12,7.73025,29.11,28.4,23.2
2021-09-13,7.72909,29.08,28.4,23.47
2021-09-14,7.7276,29.08,28.4,23.47
2021-09-15,7.7276,29.08,28.4,23.47
2021-09-16,7.72827,29.08,28.4,23.47
2021-09-17,7.73272,29.08,28.4,23.47
2021-09-18,7.73272,29.08,28.4,23.47
2021-09-19,7.73272,29.08,28.4,23.47
2021-09-20,7.73082,29.27,28.58,23.77
2021-09-21,7.72868,29.27,28.58,23.77
2021-09-22,7.73206,29.27,28.58,23.77
2021-09-23,7.73345,29.27,28.58,23.77
2021-09-24,7.7369,29.27,28.58,23.77
2021-09-25,7.7369,29.27,28.58,23.77
2021-09-26,7.7369,29.27,28.58,23.77
2021-09-27,7.73277,29.29,28.59,23.79
2021-09-28,7.73175,29.29,28.59,23.79
2021-09-29,7.73524,29.29,28.59,23.79
2021-09-30,7.73365,29.29,28.59,23.79
2021-10-01,7.73369,29.29,28.59,23.79
2021-10-02,7.73369,29.29,28.59,23.79
2021-10-03,7.73369,29.29,28.59,23.79
2021-10-04,7.72995,29.01,28.3,24.48
2021-10-05,7.72931,29.01,28.3,24.48
2021-10-06,7.73116,29.01,28.3,24.48
2021-10-07,7.73216,29.01,28.3,24.48
2021-10-08,7.73128,29.01,28.3,24.48
2021-10-09,7.73128,29.01,28.3,24.48
2021-10-10,7.73128,29.01,28.3,24.48
2021-10-11,7.72898,29.98,29.28,25.41
2021-10-12,7.72898,29.98,29.28,25.41
2021-10-13,7.73177,29.98,29.28,25.41
2021-10-14,7.72891,29.98,29.28,25.41
2021-10-15,7.73147,29.98,29.28,25.41
2021-10-16,7.73147,29.98,29.28,25.41
2021-10-17,7.73147,29.98,29.28,25.41
2021-10-18,7.73017,29.97,29.28,25.44
2021-10-19,7.72756,29.97,29.28,25.44
2021-10-20,7.72756,29.97,29.28,25.44
2021-10-21,7.72975,29.97,29.28,25.44
2021-10-22,7.73264,29.97,29.28,25.44
2021-10-23,7.73264,29.97,29.28,25.44
2021-10-24,7.73264,29.97,29.28,25.44
2021-10-25,7.72948,30.98,30.28,26.49
2021-10-26,7.72908,30.98,30.28,26.49
2021-10-27,7.73331,30.98,30.28,26.49
2021-10-28,7.73647,30.98,30.28,26.49
2021-10-29,7.73464,30.98,30.28,26.49
2021-10-30,7.73464,30.98,30.28,26.49
2021-10-31,7.73464,30.98,30.28,26.49
2021-11-01,7.73464,30.98,30.28,26.49
2021-11-02,7.73554,30.98,30.28,26.48
2021-11-03,7.73091,30.98,30.28,26.48
2021-11-04,7.73206,30.98,30.28,26.48
2021-11-05,7.73221,30.98,30.28,26.48
2021-11-06,7.73221,30.98,30.28,26.48
2021-11-07,7.73221,30.98,30.28,26.48
2021-11-08,7.72991,30.99,30.3,26.49
2021-11-09,7.72837,30.99,30.3,26.49
2021-11-10,7.72687,30.99,30.3,26.49
2021-11-11,7.7275,30.99,30.3,26.49
2021-11-12,7.73171,30.99,30.3,26.49
2021-11-13,7.73171,30.99,30.3,26.49
2021-11-14,7.73171,30.99,30.3,26.49
2021-11-15,7.72977,30.63,29.93,26.12
2021-11-16,7.72696,30.63,29.93,26.12
2021-11-17,7.7329,30.63,29.93,26.12
2021-11-18,7.73088,30.63,29.93,26.12
2021-11-19,7.73298,30.63,29.93,26.12
2021-11-20,7.73298,30.63,29.93,26.12
2021-11-21,7.73298,30.63,29.93,26.12
2021-11-22,7.7254,30.01,29.32,25.7
2021-11-23,7.72921,30.01,29.32,25.7
2021-11-24,7.73146,30.01,29.32,25.7
2021-11-25,7.73144,30.01,29.32,25.7
2021-11-26,7.73483,30.01,29.32,25.7
2021-11-27,7.73483,30.01,29.32,25.7
2021-11-28,7.73483,30.01,29.32,25.7
2021-11-29,7.73149,29.78,29.07,25.33
2021-11-30,7.73058,29.78,29.07,25.33
2021-12-01,7.73219,29.78,29.07,25.33
2021-12-02,7.7308,29.78,29.07,25.33
2021-12-03,7.73654,29.78,29.07,25.33
2021-12-04,7.73654,29.78,29.07,25.33
2021-12-05,7.73654,29.78,29.07,25.33
2021-12-06,7.72819,28.82,28.1,24.36
2021-12-07,7.72825,28.82,28.1,24.36
2021-12-08,7.7317,28.82,28.1,24.36
2021-12-09,7.7286,28.82,28.1,24.36
2021-12-10,7.73244,28.82,28.1,24.36
2021-12-11,7.73244,28.82,28.1,24.36
2021-12-12,7.73244,28.82,28.1,24.36
2021-12-13,7.7276,28.78,28.06,24.28
2021-12-14,7.72471,28.78,28.06,24.28
2021-12-15,7.72525,28.78,28.06,24.28
2021-12-16,7.72374,28.78,28.06,24.28
2021-12-17,7.72464,28.78,28.06,24.28
2021-12-18,7.72464,28.78,28.06,24.28
2021-12-19,7.72464,28.78,28.06,24.28
2021-12-20,7.7221,28.78,28.06,24.28
2021-12-21,7.71769,28.78,28.06,24.28
2021-12-22,7.72082,28.78,28.06,24.28
2021-12-23,7.71827,28.78,28.06,24.28
2021-12-24,7.71628,28.78,28.06,24.28
2021-12-25,7.71628,28.78,28.06,24.28
2021-12-26,7.71628,28.78,28.06,24.28
2021-12-27,7.71628,28.69,27.91,24.51
2021-12-28,7.72447,28.69,27.91,24.51
2021-12-29,7.71924,28.69,27.91,24.51
2021-12-30,7.71912,28.69,27.91,24.51
2021-12-31,7.71912,28.69,27.91,24.51
2022-01-01,7.71912,28.69,27.91,24.51
2022-01-02,7.71912,28.69,27.91,24.51
2022-01-03,7.71912,28.79,27.99,24.6
2022-01-04,7.71745,28.79,27.99,24.6
2022-01-05,7.71558,28.79,27.99,24.6
2022-01-06,7.71823,28.79,27.99,24.6
2022-01-07,7.71343,28.79,27.99,24.6
2022-01-08,7.71343,28.79,27.99,24.6
2022-01-09,7.71343,28.79,27.99,24.6
2022-01-10,7.71101,29.65,28.85,25.46
2022-01-11,7.70832,29.65,28.85,25.46
2022-01-12,7.70898,29.65,28.85,25.46
2022-01-13,7.7062,29.65,28.85,25.46
2022-01-14,7.70777,29.65,28.85,25.46
2022-01-15,7.70777,29.65,28.85,25.46
2022-01-16,7.70777,29.65,28.85,25.46
2022-01-17,7.70046,30.49,29.69,26.49
2022-01-18,7.70453,30.49,29.69,26.49
2022-01-19,7.69958,30.49,29.69,26.49
2022-01-20,7.69537,30.49,29.69,26.49
2022-01-21,7.69195,30.49,29.69,26.49
2022-01-22,7.69195,30.49,29.69,26.49
2022-01-23,7.69195,30.49,29.69,26.49
2022-01-24,7.68855,31.49,30.69,27.49
2022-01-25,7.68581,31.49,30.69,27.49
2022-01-26,7.68541,31.49,30.69,27.49
2022-01-27,7.68649,31.49,30.69,27.49
2022-01-28,7.68995,31.49,30.69,27.49
2022-01-29,7.68995,31.49,30.69,27.49
2022-01-30,7.68995,31.49,30.69,27.49
2022-01-31,7.68981,31.5,30.69,27.98
2022-02-01,7.68555,31.5,30.69,27.98
2022-02-02,7.69221,31.5,30.69,27.98
2022-02-03,7.69189,31.5,30.69,27.98
2022-02-04,7.69495,31.5,30.69,27.98
2022-02-05,7.69495,31.5,30.69,27.98
2022-02-06,7.69495,31.5,30.69,27.98
2022-02-07,7.69122,32.19,32.39,28.58
2022-02-08,7.6886,32.19,32.39,28.58
2022-02-09,7.69229,32.19,32.39,28.58
2022-02-10,7.69531,32.19,32.39,28.58
2022-02-11,7.69226,32.19,32.39,28.58
2022-02-12,7.69226,32.19,32.39,28.58
2022-02-13,7.69226,32.19,32.39,28.58
2022-02-14,7.69255,32.22,31.42,28.61
2022-02-15,7.68841,32.22,31.42,28.61
2022-02-16,7.69562,32.22,31.42,28.61
2022-02-17,7.69349,32.22,31.42,28.61
2022-02-18,7.70039,32.22,31.42,28.61
2022-02-19,7.70039,32.22,31.42,28.61
2022-02-20,7.70039,32.22,31.42,28.61
2022-02-21,7.69849,33.5,32.7,29.88
2022-02-22,7.70788,33.5,32.7,29.88
2022-02-23,7.70468,33.5,32.7,29.88
2022-02-24,7.71285,33.5,32.7,29.88
2022-02-25,7.7169,33.5,32.7,29.88
2022-02-26,7.7169,33.5,32.7,29.88
2022-02-27,7.7169,33.5,32.7,29.88
2022-02-28,7.71322,33.88,33.29,30.09
2022-03-01,7.7044,33.88,33.29,30.09
2022-03-02,7.70543,33.88,33.29,30.09
2022-03-03,7.71199,35.99,35.39,33.09
2022-03-04,7.71002,35.99,35.39,33.09
2022-03-05,7.71002,35.99,35.39,33.09
2022-03-06,7.71002,35.99,35.39,33.09
2022-03-07,7.70431,37.98,37.39,36.09
2022-03-08,7.69932,37.98,37.39,36.09
2022-03-09,7.7011,39.99,39.42,40.25
2022-03-10,7.70164,39.99,39.42,40.25
2022-03-11,7.70105,39.99,39.42,40.25
2022-03-12,7.70105,39.99,39.42,40.25
2022-03-13,7.70105,37.98,37.39,35.48
2022-03-14,7.69793,37.98,37.39,35.48
2022-03-15,7.69146,37.98,37.39,35.48
2022-03-16,7.6951,38.0,37.39,35.7
2022-03-17,7.6938,38.0,37.39,35.7
2022-03-18,7.69159,38.0,37.39,35.7
2022-03-19,7.69159,38.0,37.39,35.7
2022-03-20,7.69159,38.0,37.39,35.7
2022-03-21,7.68837,38.09,34.47,35.66
2022-03-22,7.68464,38.09,34.47,35.66
2022-03-23,7.68438,38.09,34.47,35.66
2022-03-24,7.6827,38.09,34.47,35.66
2022-03-25,7.68169,38.09,34.47,35.66
2022-03-26,7.68169,38.09,34.47,35.66
2022-03-27,7.68169,38.09,34.47,35.66
2022-03-28,7.67889,38.09,34.47,35.66
2022-03-29,7.6783,38.09,34.47,35.66
2022-03-30,7.68052,38.91,38.31,37.39
2022-03-31,7.68025,38.91,38.31,37.39
2022-04-01,7.67947,38.91,38.31,37.39
2022-04-02,7.67947,38.91,38.31,37.39
2022-04-03,7.67947,38.91,38.31,37.39
2022-04-04,7.67499,38.91,38.31,37.39
2022-04-05,7.67298,38.91,38.31,37.39
2022-04-06,7.675,37.98,35.09,32.25
2022-04-07,7.66993,37.98,35.09,32.25
2022-04-08,7.66874,37.98,35.09,32.25
2022-04-09,7.66874,37.98,35.09,32.25
2022-04-10,7.66874,37.98,35.09,32.25
2022-04-11,7.66512,37.98,35.09,32.25
2022-04-12,7.66356,37.37,34.23,32.08
2022-04-13,7.65901,37.37,34.23,32.08
2022-04-14,7.65901,37.37,34.23,32.08
2022-04-15,7.65901,37.37,34.23,32.08
2022-04-16,7.65901,37.37,34.23,32.08
2022-04-17,7.65901,37.37,34.23,32.08
2022-04-18,7.65849,37.37,34.23,32.08
2022-04-19,7.65599,37.37,34.23,32.08
2022-04-20,7.65576,37.66,34.65,32.65
2022-04-21,7.65446,37.66,34.65,32.65
2022-04-22,7.65309,37.66,34.65,32.65
2022-04-23,7.65309,37.66,34.65,32.65
2022-04-24,7.65309,37.66,34.65,32.65
2022-04-25,7.6509,37.66,34.65,32.65
2022-04-26,7.65144,38.42,35.38,34.81
2022-04-27,7.65353,38.42,35.38,34.81
2022-04-28,7.65775,38.42,35.38,34.81
2022-04-29,7.66517,38.42,35.38,34.81
2022-04-30,7.66517,38.42,35.38,34.81
2022-05-01,7.66517,38.42,35.38,34.81
2022-05-02,7.66517,38.42,35.38,34.81
2022-05-03,7.6614,38.42,35.38,34.81
2022-05-04,7.66582,39.26,36.16,37.65
2022-05-05,7.67075,39.26,36.16,37.65
2022-05-06,7.66795,39.26,36.16,37.65
2022-05-07,7.66795,39.26,36.16,37.65
2022-05-08,7.66795,39.26,36.16,37.65
2022-05-09,7.66706,39.26,36.16,37.65
2022-05-10,7.66326,41.65,38.55,38.42
2022-05-11,7.66764,41.65,38.55,38.42
2022-05-12,7.66945,41.65,38.55,38.42
2022-05-13,7.66915,41.65,38.55,38.42
2022-05-14,7.66915,41.65,38.55,38.42
2022-05-15,7.66915,41.65,38.55,38.42
2022-05-16,7.66475,41.65,38.55,38.42
2022-05-17,7.66612,43.24,40.13,35.32
2022-05-18,7.66642,43.24,40.13,35.32
2022-05-19,7.66703,43.24,40.13,35.32
2022-05-20,7.66692,43.24,40.13,35.32
2022-05-21,7.66692,43.24,40.13,35.32
2022-05-22,7.66692,43.24,40.13,35.32
2022-05-23,7.66903,43.24,40.13,35.32
2022-05-24,7.66774,42.98,39.87,32.26
2022-05-25,7.67577,42.98,39.87,32.26
2022-05-26,7.67318,42.98,39.87,32.26
2022-05-27,7.6819,42.98,39.87,32.26
2022-05-28,7.6819,42.98,39.87,32.26
2022-05-29,7.6819,42.98,39.87,32.26
2022-05-30,7.67765,42.98,39.87,32.26
2022-05-31,7.68434,39.14,37.92,30.5
2022-06-01,7.69552,39.14,37.92,30.5
2022-06-02,7.70758,39.14,37.92,30.5
2022-06-03,7.71242,39.14,37.92,30.5
2022-06-04,7.71242,39.14,37.92,30.5
2022-06-05,7.71242,39.14,37.92,30.5
2022-06-06,7.70466,39.14,37.92,30.5
2022-06-07,7.70703,39.71,38.71,32.87
2022-06-08,7.72074,39.71,38.71,32.87
2022-06-09,7.72609,39.71,38.71,32.87
2022-06-10,7.73206,39.71,38.71,32.87
2022-06-11,7.73206,39.71,38.71,32.87
2022-06-12,7.73206,39.71,38.71,32.87
2022-06-13,7.73104,39.71,38.71,32.87
2022-06-14,7.73281,41.51,40.5,35.44
2022-06-15,7.73886,41.51,40.5,35.44
2022-06-16,7.73889,41.51,40.5,35.44
2022-06-17,7.74046,41.51,40.5,35.44
2022-06-18,7.74046,41.51,40.5,35.44
2022-06-19,7.74046,41.51,40.5,35.44
2022-06-20,7.74102,41.51,40.5,35.44
2022-06-21,7.74969,40.63,39.62,36.89
2022-06-22,7.74745,40.63,39.62,36.89
2022-06-23,7.75104,40.63,39.62,36.89
2022-06-24,7.7589,40.63,39.62,36.89
2022-06-25,7.7589,40.63,39.62,36.89
2022-06-26,7.7589,40.63,39.62,36.89
2022-06-27,7.75404,40.63,39.62,36.89
2022-06-28,7.7598,39.43,38.43,36.4
2022-06-29,7.75819,39.43,38.43,36.4
2022-06-30,7.75608,39.43,38.43,36.4
2022-07-01,7.75608,39.43,38.43,36.4
2022-07-02,7.75608,39.43,38.43,36.4
2022-07-03,7.75608,39.43,38.43,36.4
2022-07-04,7.75608,39.43,38.43,36.4
2022-07-05,7.75281,39.17,38.17,33.88
2022-07-06,7.74979,39.17,38.17,33.88
2022-07-07,7.74659,39.17,38.17,33.88
2022-07-08,7.74712,39.17,38.17,33.88
2022-07-09,7.74712,39.17,38.17,33.88
2022-07-10,7.74712,39.17,38.17,33.88
2022-07-11,7.7437,39.17,38.17,33.88
2022-07-12,7.74028,36.56,35.58,31.3
2022-07-13,7.73859,36.56,35.58,31.3
2022-07-14,7.73526,36.56,35.58,31.3
2022-07-15,7.73556,36.56,35.58,31.3
2022-07-16,7.73556,36.56,35.58,31.3
2022-07-17,7.73556,36.56,35.58,31.3
2022-07-18,7.73159,36.56,35.58,31.3
2022-07-19,7.72793,33.66,32.75,31.01
2022-07-20,7.73174,33.66,32.75,31.01
2022-07-21,7.72924,33.66,32.75,31.01
2022-07-22,7.73052,33.66,32.75,31.01
2022-07-23,7.73052,33.66,32.75,31.01
2022-07-24,7.73052,33.66,32.75,31.01
2022-07-25,7.7278,33.66,32.75,31.01
2022-07-26,7.72833,32.69,31.76,29.9
2022-07-27,7.73171,32.69,31.76,29.9
2022-07-28,7.73485,32.69,31.76,29.9
2022-07-29,7.73654,32.69,31.76,29.9
2022-07-30,7.73654,32.69,31.76,29.9
2022-07-31,7.73654,32.69,31.76,29.9
2022-08-01,7.72946,32.69,31.76,29.9
2022-08-02,7.72848,32.37,31.47,29.37
2022-08-03,7.73292,32.37,31.47,29.37
2022-08-04,7.7333,32.37,31.47,29.37
2022-08-05,7.73337,32.37,31.47,29.37
2022-08-06,7.73337,32.37,31.47,29.37
2022-08-07,7.73337,32.37,31.47,29.37
2022-08-08,7.72989,32.37,31.47,29.37
2022-08-09,7.7258,35.64,34.75,33.98
2022-08-10,7.73248,35.64,34.75,33.98
2022-08-11,7.73132,35.64,34.75,33.98
2022-08-12,7.734,35.64,34.75,33.98
2022-08-13,7.734,35.64,34.75,33.98
2022-08-14,7.734,35.64,34.75,33.98
2022-08-15,7.734,35.64,34.75,33.98
2022-08-16,7.72649,36.32,35.39,35.1
2022-08-17,7.72851,36.32,35.39,35.1
2022-08-18,7.73095,36.32,35.39,35.1
2022-08-19,7.7278,36.32,35.39,35.1
2022-08-20,7.7278,36.32,35.39,35.1
2022-08-21,7.7278,36.32,35.39,35.1
2022-08-22,7.72716,36.32,35.39,35.1
2022-08-23,7.72815,35.65,34.72,35.8
2022-08-24,7.73053,35.65,34.72,35.8
2022-08-25,7.7338,35.65,34.72,35.8
2022-08-26,7.73368,35.65,34.72,35.8
2022-08-27,7.73368,35.65,34.72,35.8
2022-08-28,7.73368,35.65,34.72,35.8
2022-08-29,7.73147,35.65,34.72,35.8
2022-08-30,7.73099,35.55,34.62,35.19
2022-08-31,7.73819,35.55,34.62,35.19
2022-09-01,7.7408,35.55,34.62,35.19
2022-09-02,7.74268,35.55,34.62,35.19
2022-09-03,7.74268,35.55,34.62,35.19
2022-09-04,7.74268,35.55,34.62,35.19
2022-09-05,7.74108,34.49,33.58,32.24
2022-09-06,7.75755,34.49,33.58,32.24
2022-09-07,7.75842,34.49,33.58,32.24
2022-09-08,7.77893,34.49,33.58,32.24
2022-09-09,7.79688,34.49,33.58,32.24
2022-09-10,7.79688,34.49,33.58,32.24
2022-09-11,7.79688,34.49,33.58,32.24
2022-09-12,7.78774,34.16,33.24,31.41
2022-09-13,7.78898,34.16,33.24,31.41
2022-09-14,7.79585,34.16,33.24,31.41
2022-09-15,7.79585,34.16,33.24,31.41
2022-09-16,7.79626,34.16,33.24,31.41
2022-09-17,7.79626,34.16,33.24,31.41
2022-09-18,7.79626,34.16,33.24,31.41
2022-09-19,7.79986,34.12,33.22,30.0
2022-09-20,7.80091,34.12,33.22,30.0
2022-09-21,7.81384,34.12,33.22,30.0
2022-09-22,7.82975,34.12,33.22,30.0
2022-09-23,7.842,34.12,33.22,30.0
2022-09-24,7.842,34.12,33.22,30.0
2022-09-25,7.842,34.12,33.22,30.0
2022-09-26,7.84218,34.18,33.28,29.16
2022-09-27,7.84578,34.18,33.28,29.16
2022-09-28,7.85501,34.18,33.28,29.16
2022-09-29,7.86284,34.18,33.28,29.16
2022-09-30,7.88368,34.18,33.28,29.16
2022-10-01,7.88368,34.18,33.28,29.16
2022-10-02,7.88368,34.18,33.28,29.16
2022-10-03,7.89856,34.16,33.27,32.33
2022-10-04,7.90963,34.16,33.27,32.33
2022-10-05,7.91233,34.16,33.27,32.33
2022-10-06,7.9026,35.19,34.29,35.89
2022-10-07,7.89334,35.19,34.29,35.89
2022-10-08,7.89334,35.19,34.29,35.89
2022-10-09,7.89334,35.19,34.29,35.89
2022-10-10,7.87662,36.92,35.99,38.46
2022-10-11,7.8757,36.92,35.99,38.46
2022-10-12,7.8757,36.92,35.99,38.46
2022-10-13,7.86625,36.92,35.99,38.46
2022-10-14,7.86252,36.92,35.99,38.46
2022-10-15,7.86252,36.92,35.99,38.46
2022-10-16,7.86252,36.92,35.99,38.46
2022-10-17,7.85768,37.14,36.23,41.27
2022-10-18,7.85275,37.14,36.23,41.27
2022-10-19,7.85157,37.14,36.23,41.27
2022-10-20,7.85157,37.14,36.23,41.27
2022-10-21,7.84831,37.14,36.23,41.27
2022-10-22,7.84831,37.14,36.23,41.27
2022-10-23,7.84831,37.14,36.23,41.27
2022-10-24,7.84248,37.17,36.27,41.25
2022-10-25,7.84511,37.17,36.27,41.25
2022-10-26,7.84399,37.17,36.27,41.25
2022-10-27,7.83655,37.17,36.27,41.25
2022-10-28,7.83772,37.17,36.27,41.25
2022-10-29,7.83772,37.17,36.27,41.25
2022-10-30,7.83772,37.17,36.27,41.25
2022-10-31,7.82857,37.17,36.27,41.25
2022-11-01,7.82857,37.17,36.27,41.25
2022-11-02,7.82497,36.75,35.57,39.9
2022-11-03,7.82784,36.75,35.57,39.9
2022-11-04,7.82196,36.75,35.57,39.9
2022-11-05,7.82196,36.75,35.57,39.9
2022-11-06,7.82196,36.75,35.57,39.9
2022-11-07,7.81898,36.7,35.5,39.82
2022-11-08,7.81314,36.7,35.5,39.82
2022-11-09,7.81259,36.7,35.5,39.82
2022-11-10,7.8116,36.7,35.5,39.82
2022-11-11,7.80692,36.7,35.5,39.82
2022-11-12,7.80692,36.7,35.5,39.82
2022-11-13,7.80692,36.7,35.5,39.82
2022-11-14,7.80536,37.37,35.87,40.59
2022-11-15,7.79823,37.37,35.87,40.59
2022-11-16,7.79839,37.37,35.87,40.59
2022-11-17,7.79936,37.37,35.87,40.59
2022-11-18,7.79773,37.37,35.87,40.59
2022-11-19,7.79773,37.37,35.87,40.59
2022-11-20,7.79773,37.37,35.87,40.59
2022-11-21,7.79372,36.14,34.54,38.17
2022-11-22,7.80497,36.14,34.54,38.17
2022-11-23,7.81468,36.14,34.54,38.17
2022-11-24,7.8183,36.14,34.54,38.17
2022-11-25,7.82619,36.14,34.54,38.17
2022-11-26,7.82619,36.14,34.54,38.17
2022-11-27,7.82619,36.14,34.54,38.17
2022-11-28,7.81998,34.94,33.32,35.96
2022-11-29,7.82766,34.94,33.32,35.96
2022-11-30,7.84134,34.94,33.32,35.96
2022-12-01,7.84143,34.94,33.32,35.96
2022-12-02,7.85875,34.94,33.32,35.96
2022-12-03,7.85875,34.94,33.32,35.96
2022-12-04,7.85875,34.94,33.32,35.96
2022-12-05,7.87534,34.5,32.9,35.58
2022-12-06,7.90912,34.5,32.9,35.58
2022-12-07,7.93024,34.5,32.9,35.58
2022-12-08,7.90901,34.5,32.9,35.58
2022-12-09,7.89634,34.5,32.9,35.58
2022-12-10,7.89634,34.5,32.9,35.58
2022-12-11,7.89634,34.5,32.9,35.58
2022-12-12,7.88174,33.98,32.39,34.8
2022-12-13,7.87402,33.98,32.39,34.8
2022-12-14,7.87702,33.98,32.39,34.8
2022-12-15,7.86627,33.98,32.39,34.8
2022-12-16,7.86912,33.98,32.39,34.8
2022-12-17,7.86912,33.98,32.39,34.8
2022-12-18,7.86912,33.98,32.39,34.8
2022-12-19,7.85836,33.48,31.96,33.95
2022-12-20,7.85599,33.48,31.96,33.95
2022-12-21,7.85419,33.48,31.96,33.95
2022-12-22,7.85527,33.48,31.96,33.95
2022-12-23,7.84914,33.48,31.96,33.95
2022-12-24,7.84914,33.48,31.96,33.95
2022-12-25,7.84914,33.48,31.96,33.95
2022-12-26,7.84914,33.48,31.96,33.95
2022-12-27,7.84739,32.55,30.99,33.75
2022-12-28,7.85028,32.55,30.99,33.75
2022-12-29,7.85222,32.55,30.99,33.75
2022-12-30,7.85222,32.55,30.99,33.75
2022-12-31,7.85222,32.55,30.99,33.75
2023-01-01,7.85222,32.55,30.99,33.75
2023-01-02,7.85222,32.55,30.99,33.75
2023-01-03,7.84773,32.56,31.42,35.31
2023-01-04,7.84906,32.56,31.42,35.31
2023-01-05,7.85221,32.56,31.42,35.31
2023-01-06,7.84856,32.56,31.42,35.31
2023-01-07,7.84856,32.56,31.42,35.31
2023-01-08,7.84856,32.56,31.42,35.31
2023-01-09,7.84628,33.0,31.6,35.98
2023-01-10,7.84395,33.0,31.6,35.98
2023-01-11,7.8488,33.0,31.6,35.98
2023-01-12,7.85,33.0,31.6,35.98
2023-01-13,7.84942,33.0,31.6,35.98
2023-01-14,7.84942,33.0,31.6,35.98
2023-01-15,7.84942,33.0,31.6,35.98
2023-01-16,7.84319,33.96,32.58,35.96
2023-01-17,7.84762,33.96,32.58,35.96
2023-01-18,7.84834,33.96,32.58,35.96
2023-01-19,7.85007,33.96,32.58,35.96
2023-01-20,7.85078,33.96,32.58,35.96
2023-01-21,7.85078,33.96,32.58,35.96
2023-01-22,7.85078,33.96,32.58,35.96
2023-01-23,7.84295,35.02,33.63,35.54
2023-01-24,7.84379,35.02,33.63,35.54
2023-01-25,7.84883,35.02,33.63,35.54
2023-01-26,7.85069,35.02,33.63,35.54
2023-01-27,7.85212,35.02,33.63,35.54
2023-01-28,7.85212,35.02,33.63,35.54
2023-01-29,7.85212,35.02,33.63,35.54
2023-01-30,7.84886,35.66,34.26,36.18
2023-01-31,7.84855,35.66,34.26,36.18
2023-02-01,7.84957,35.66,34.26,36.18
2023-02-02,7.84667,35.66,34.26,36.18
2023-02-03,7.84714,35.66,34.26,36.18
2023-02-04,7.84714,35.66,34.26,36.18
2023-02-05,7.84714,35.66,34.26,36.18
2023-02-06,7.84306,34.94,33.49,35.29
2023-02-07,7.84298,34.94,33.49,35.29
2023-02-08,7.84282,34.94,33.49,35.29
2023-02-09,7.84208,34.94,33.49,35.29
2023-02-10,7.83792,34.94,33.49,35.29
2023-02-11,7.83792,34.94,33.49,35.29
2023-02-12,7.83792,34.94,33.49,35.29
2023-02-13,7.83567,34.23,32.74,33.54
2023-02-14,7.83256,34.23,32.74,33.54
2023-02-15,7.8313,34.23,32.74,33.54
2023-02-16,7.82864,34.23,32.74,33.54
2023-02-17,7.82638,34.23,32.74,33.54
2023-02-18,7.82638,34.23,32.74,33.54
2023-02-19,7.82638,34.23,32.74,33.54
2023-02-20,7.81821,33.74,32.24,32.14
2023-02-21,7.82129,33.74,32.24,32.14
2023-02-22,7.81596,33.74,32.24,32.14
2023-02-23,7.81696,33.74,32.24,32.14
2023-02-24,7.8179,33.74,32.24,32.14
2023-02-25,7.8179,33.74,32.24,32.14
2023-02-26,7.8179,33.74,32.24,32.14
2023-02-27,7.81549,33.33,31.84,31.11
2023-02-28,7.81493,33.33,31.84,31.11
2023-03-01,7.81525,33.33,31.84,31.11
2023-03-02,7.81859,33.33,31.84,31.11
2023-03-03,7.81359,33.33,31.84,31.11
2023-03-04,7.81359,33.33,31.84,31.11
2023-03-05,7.81359,33.33,31.84,31.11
2023-03-06,7.81199,33.3,31.8,31.0
2023-03-07,7.80397,33.3,31.8,31.0
2023-03-08,7.80973,33.3,31.8,31.0
2023-03-09,7.80754,33.3,31.8,31.0
2023-03-10,7.80715,33.3,31.8,31.0
2023-03-11,7.80715,33.3,31.8,31.0
2023-03-12,7.80715,33.3,31.8,31.0
2023-03-13,7.79947,33.77,32.18,31.01
2023-03-14,7.79731,33.77,32.18,31.01
2023-03-15,7.79834,33.77,32.18,31.01
2023-03-16,7.80412,33.77,32.18,31.01
2023-03-17,7.80243,33.77,32.18,31.01
2023-03-18,7.80243,33.77,32.18,31.01
2023-03-19,7.80243,33.77,32.18,31.01
2023-03-20,7.79631,33.04,31.45,30.63
2023-03-21,7.79352,33.04,31.45,30.63
2023-03-22,7.80256,33.04,31.45,30.63
2023-03-23,7.80387,33.04,31.45,30.63
2023-03-24,7.80518,33.04,31.45,30.63
2023-03-25,7.80518,33.04,31.45,30.63
2023-03-26,7.80518,33.04,31.45,30.63
2023-03-27,7.79869,33.49,31.88,30.01
2023-03-28,7.79912,33.49,31.88,30.01
2023-03-29,7.80317,33.49,31.88,30.01
2023-03-30,7.80234,33.49,31.88,30.01
2023-03-31,7.80335,33.49,31.88,30.01
2023-04-01,7.80335,33.49,31.88,30.01
2023-04-02,7.80335,33.49,31.88,30.01
2023-04-03,7.79691,34.46,32.86,30.02
2023-04-04,7.79431,34.46,32.86,30.02
2023-04-05,7.79329,34.46,32.86,30.02
2023-04-06,7.79329,34.46,32.86,30.02
2023-04-07,7.79329,34.46,32.86,30.02
2023-04-08,7.79329,34.46,32.86,30.02
2023-04-09,7.79329,34.46,32.86,30.02
2023-04-10,7.79921,34.99,33.4,30.0
2023-04-11,7.79501,34.99,33.4,30.0
2023-04-12,7.79866,34.99,33.4,30.0
2023-04-13,7.79625,34.99,33.4,30.0
2023-04-14,7.80261,34.99,33.4,30.0
2023-04-15,7.80261,34.99,33.4,30.0
2023-04-16,7.80261,34.99,33.4,30.0
2023-04-17,7.8006,35.98,34.36,29.78
2023-04-18,7.7967,35.98,34.36,29.78
2023-04-19,7.79898,35.98,34.36,29.78
2023-04-20,7.79925,35.98,34.36,29.78
2023-04-21,7.79964,35.98,34.36,29.78
2023-04-22,7.79964,35.98,34.36,29.78
2023-04-23,7.79964,35.98,34.36,29.78
2023-04-24,7.79702,35.91,34.31,29.32
2023-04-25,7.79572,35.91,34.31,29.32
2023-04-26,7.80198,35.91,34.31,29.32
2023-04-27,7.80424,35.91,34.31,29.32
2023-04-28,7.80826,35.91,34.31,29.32
2023-04-29,7.80826,35.91,34.31,29.32
2023-04-30,7.80826,35.91,34.31,29.32
2023-05-01,7.80826,35.91,34.31,29.32
2023-05-02,7.80055,35.08,33.46,28.43
2023-05-03,7.80673,35.08,33.46,28.43
2023-05-04,7.80938,35.08,33.46,28.43
2023-05-05,7.80739,35.08,33.46,28.43
2023-05-06,7.80739,35.08,33.46,28.43
2023-05-07,7.80739,35.08,33.46,28.43
2023-05-08,7.8028,34.31,32.8,27.68
2023-05-09,7.80568,34.31,32.8,27.68
2023-05-10,7.80601,34.31,32.8,27.68
2023-05-11,7.80379,34.31,32.8,27.68
2023-05-12,7.80649,34.31,32.8,27.68
2023-05-13,7.80649,34.31,32.8,27.68
2023-05-14,7.80649,34.31,32.8,27.68
2023-05-15,7.80223,33.49,31.98,27.02
2023-05-16,7.80323,33.49,31.98,27.02
2023-05-17,7.80156,33.49,31.98,27.02
2023-05-18,7.80495,33.49,31.98,27.02
2023-05-19,7.80399,33.49,31.98,27.02
2023-05-20,7.80399,33.49,31.98,27.02
2023-05-21,7.80399,33.49,31.98,27.02
2023-05-22,7.80453,33.35,31.97,27.01
2023-05-23,7.80354,33.35,31.97,27.01
2023-05-24,7.80974,33.35,31.97,27.01
2023-05-25,7.81685,33.35,31.97,27.01
2023-05-26,7.82145,33.35,31.97,27.01
2023-05-27,7.82145,33.35,31.97,27.01
2023-05-28,7.82145,33.35,31.97,27.01
2023-05-29,7.82029,33.3,31.99,27.0
2023-05-30,7.82886,33.3,31.99,27.0
2023-05-31,7.83014,33.3,31.99,27.0
2023-06-01,7.8366,33.3,31.99,27.0
2023-06-02,7.83809,33.3,31.99,27.0
2023-06-03,7.83809,33.3,31.99,27.0
2023-06-04,7.83809,33.3,31.99,27.0
2023-06-05,7.82959,33.3,31.97,26.56
2023-06-06,7.82919,33.3,31.97,26.56
2023-06-07,7.83743,33.3,31.97,26.56
2023-06-08,7.83755,33.3,31.97,26.56
2023-06-09,7.83852,33.3,31.97,26.56
2023-06-10,7.83852,33.3,31.97,26.56
2023-06-11,7.83852,33.3,31.97,26.56
2023-06-12,7.83317,33.1,31.78,26.3
2023-06-13,7.83321,33.1,31.78,26.3
2023-06-14,7.83379,33.1,31.78,26.3
2023-06-15,7.83909,33.1,31.78,26.3
2023-06-16,7.83924,33.1,31.78,26.3
2023-06-17,7.83924,33.1,31.78,26.3
2023-06-18,7.83924,33.1,31.78,26.3
2023-06-19,7.83373,33.08,31.79,26.25
2023-06-20,7.84215,33.08,31.79,26.25
2023-06-21,7.8377,33.08,31.79,26.25
2023-06-22,7.83963,33.08,31.79,26.25
2023-06-23,7.84308,33.08,31.79,26.25
2023-06-24,7.84308,33.08,31.79,26.25
2023-06-25,7.84308,33.08,31.79,26.25
2023-06-26,7.83445,33.08,31.79,26.25
2023-06-27,7.84069,34.16,32.66,27.0
2023-06-28,7.84326,34.16,32.66,27.0
2023-06-29,7.84576,34.16,32.66,27.0
2023-06-30,7.84576,34.16,32.66,27.0
2023-07-01,7.84576,34.16,32.66,27.0
2023-07-02,7.84576,34.16,32.66,27.0
2023-07-03,7.84576,34.16,32.66,27.0
2023-07-04,7.84107,33.52,32.01,26.97
2023-07-05,7.84545,33.52,32.01,26.97
2023-07-06,7.84564,33.52,32.01,26.97
2023-07-07,7.84717,33.52,32.01,26.97
2023-07-08,7.84717,33.52,32.01,26.97
2023-07-09,7.84717,33.52,32.01,26.97
2023-07-10,7.84097,33.51,32.01,26.96
2023-07-11,7.84161,33.51,32.01,26.96
2023-07-12,7.8457,33.51,32.01,26.96
2023-07-13,7.84314,33.51,32.01,26.96
2023-07-14,7.84812,33.51,32.01,26.96
2023-07-15,7.84812,33.51,32.01,26.96
2023-07-16,7.84812,33.51,32.01,26.96
2023-07-17,7.84281,33.78,32.28,27.47
2023-07-18,7.84349,33.78,32.28,27.47
2023-07-19,7.84612,33.78,32.28,27.47
2023-07-20,7.84814,33.78,32.28,27.47
2023-07-21,7.84913,33.78,32.28,27.47
2023-07-22,7.84913,33.78,32.28,27.47
2023-07-23,7.84913,33.78,32.28,27.47
2023-07-24,7.84918,34.78,33.28,28.47
2023-07-25,7.84857,34.78,33.28,28.47
2023-07-26,7.85244,34.78,33.28,28.47
2023-07-27,7.86393,34.78,33.28,28.47
2023-07-28,7.86955,34.78,33.28,28.47
2023-07-29,7.86955,34.78,33.28,28.47
2023-07-30,7.86955,34.78,33.28,28.47
2023-07-31,7.86893,36.28,34.77,29.68
2023-08-01,7.86466,36.28,34.77,29.68
2023-08-02,7.86984,36.28,34.77,29.68
2023-08-03,7.86853,36.28,34.77,29.68
2023-08-04,7.86956,36.28,34.77,29.68
2023-08-05,7.86956,36.28,34.77,29.68
2023-08-06,7.86956,36.28,34.77,29.68
2023-08-07,7.86202,37.47,35.97,30.97
2023-08-08,7.86093,37.47,35.97,30.97
2023-08-09,7.86111,37.47,35.97,30.97
2023-08-10,7.86178,37.47,35.97,30.97
2023-08-11,7.8577,37.47,35.97,30.97
2023-08-12,7.8577,37.47,35.97,30.97
2023-08-13,7.8577,37.47,35.97,30.97
2023-08-14,7.85084,37.47,35.97,31.89
2023-08-15,7.85084,37.47,35.97,31.89
2023-08-16,7.84999,37.47,35.97,31.89
2023-08-17,7.85065,37.47,35.97,31.89
2023-08-18,7.85081,37.47,35.97,31.89
2023-08-19,7.85081,37.47,35.97,31.89
2023-08-20,7.85081,37.47,35.97,31.89
2023-08-21,7.8485,37.47,35.97,31.89
2023-08-22,7.8476,37.16,35.66,31.65
2023-08-23,7.8527,37.16,35.66,31.65
2023-08-24,7.86094,37.16,35.66,31.65
2023-08-25,7.86352,37.16,35.66,31.65
2023-08-26,7.86352,37.16,35.66,31.65
2023-08-27,7.86352,37.16,35.66,31.65
2023-08-28,7.86209,37.26,35.76,32.9
2023-08-29,7.86456,37.26,35.76,32.9
2023-08-30,7.86564,37.26,35.76,32.9
2023-08-31,7.87154,37.26,35.76,32.9
2023-09-01,7.87138,37.26,35.76,32.9
2023-09-02,7.87138,37.26,35.76,32.9
2023-09-03,7.87138,37.26,35.76,32.9
2023-09-04,7.86255,37.28,35.77,32.82
2023-09-05,7.87296,37.28,35.77,32.82
2023-09-06,7.86522,37.28,35.77,32.82
2023-09-07,7.86869,37.28,35.77,32.82
2023-09-08,7.87425,37.28,35.77,32.82
2023-09-09,7.87425,37.28,35.77,32.82
2023-09-10,7.87425,37.28,35.77,32.82
2023-09-11,7.86798,36.91,35.42,32.52
2023-09-12,7.86925,36.91,35.42,32.52
2023-09-13,7.87316,36.91,35.42,32.52
2023-09-14,7.87117,36.91,35.42,32.52
2023-09-15,7.87117,36.91,35.42,32.52
2023-09-16,7.87117,36.91,35.42,32.52
2023-09-17,7.87117,36.91,35.42,32.52
2023-09-18,7.8674,36.88,35.4,33.91
2023-09-19,7.8655,36.88,35.4,33.91
2023-09-20,7.86598,36.88,35.4,33.91
2023-09-21,7.86641,36.88,35.4,33.91
2023-09-22,7.86623,36.88,35.4,33.91
2023-09-23,7.86623,36.88,35.4,33.91
2023-09-24,7.86623,36.88,35.4,33.91
2023-09-25,7.86259,37.31,35.82,34.6
2023-09-26,7.85984,37.31,35.82,34.6
2023-09-27,7.86021,37.31,35.82,34.6
2023-09-28,7.85906,37.31,35.82,34.6
2023-09-29,7.85833,37.31,35.82,34.6
2023-09-30,7.85833,37.31,35.82,34.6
2023-10-01,7.85833,37.31,35.82,34.6
2023-10-02,7.85164,36.62,35.12,34.42
2023-10-03,7.84984,36.62,35.12,34.42
2023-10-04,7.85072,36.62,35.12,34.42
2023-10-05,7.84522,36.62,35.12,34.42
2023-10-06,7.84518,36.62,35.12,34.42
2023-10-07,7.84518,36.62,35.12,34.42
2023-10-08,7.84518,36.62,35.12,34.42
2023-10-09,7.84317,35.66,34.16,33.96
2023-10-10,7.85032,35.66,34.16,33.96
2023-10-11,7.84107,35.66,34.16,33.96
2023-10-12,7.84107,35.66,34.16,33.96
2023-10-13,7.84314,35.66,34.16,33.96
2023-10-14,7.84314,35.66,34.16,33.96
2023-10-15,7.84314,35.66,34.16,33.96
2023-10-16,7.83895,35.75,34.25,33.99
2023-10-17,7.84116,35.75,34.25,33.99
2023-10-18,7.84075,35.75,34.25,33.99
2023-10-19,7.83984,35.75,34.25,33.99
2023-10-20,7.83984,35.75,34.25,33.99
2023-10-21,7.83984,35.75,34.25,33.99
2023-10-22,7.83984,35.75,34.25,33.99
2023-10-23,7.83653,35.33,33.83,33.41
2023-10-24,7.83386,35.33,33.83,33.41
2023-10-25,7.83807,35.33,33.83,33.41
2023-10-26,7.84253,35.33,33.83,33.41
2023-10-27,7.84232,35.33,33.83,33.41
2023-10-28,7.84232,35.33,33.83,33.41
2023-10-29,7.84232,35.33,33.83,33.41
2023-10-30,7.83714,34.52,32.99,32.8
2023-10-31,7.83252,34.52,32.99,32.8
2023-11-01,7.83252,34.52,32.99,32.8
2023-11-02,7.8322,34.52,32.99,32.8
2023-11-03,7.83155,34.52,32.99,32.8
2023-11-04,7.83155,34.52,32.99,32.8
2023-11-05,7.83155,34.52,32.99,32.8
2023-11-06,7.82741,32.79,31.28,32.31
2023-11-07,7.82629,32.79,31.28,32.31
2023-11-08,7.82423,32.79,31.28,32.31
2023-11-09,7.82695,32.79,31.28,32.31
2023-11-10,7.82558,32.79,31.28,32.31
2023-11-11,7.82558,32.79,31.28,32.31
2023-11-12,7.82558,32.79,31.28,32.31
2023-11-13,7.82473,31.34,29.85,31.61
2023-11-14,7.82179,31.34,29.85,31.61
2023-11-15,7.82751,31.34,29.85,31.61
2023-11-16,7.82592,31.34,29.85,31.61
2023-11-17,7.82871,31.34,29.85,31.61
2023-11-18,7.82871,31.34,29.85,31.61
2023-11-19,7.82871,31.34,29.85,31.61
2023-11-20,7.82311,29.99,28.52,30.58
2023-11-21,7.82524,29.99,28.52,30.58
2023-11-22,7.82627,29.99,28.52,30.58
2023-11-23,7.82738,29.99,28.52,30.58
2023-11-24,7.82859,29.99,28.52,30.58
2023-11-25,7.82859,29.99,28.52,30.58
2023-11-26,7.82859,29.99,28.52,30.58
2023-11-27,7.82568,29.98,28.49,29.97
2023-11-28,7.82371,29.98,28.49,29.97
2023-11-29,7.82878,29.98,28.49,29.97
2023-11-30,7.82836,29.98,28.49,29.97
2023-12-01,7.82702,29.98,28.49,29.97
2023-12-02,7.82702,29.98,28.49,29.97
2023-12-03,7.82702,29.98,28.49,29.97
2023-12-04,7.823,29.98,28.49,29.97
2023-12-05,7.8243,29.98,28.49,29.97
2023-12-06,7.82262,29.98,28.49,29.97
2023-12-07,7.82636,29.98,28.49,29.97
2023-12-08,7.82393,29.98,28.49,29.97
2023-12-09,7.82393,29.98,28.49,29.97
2023-12-10,7.82393,29.98,28.49,29.97
2023-12-11,7.82128,29.13,27.65,29.11
2023-12-12,7.82288,29.13,27.65,29.11
2023-12-13,7.82022,29.13,27.65,29.11
2023-12-14,7.82158,29.13,27.65,29.11
2023-12-15,7.82399,29.13,27.65,29.11
2023-12-16,7.82399,29.13,27.65,29.11
2023-12-17,7.82399,29.13,27.65,29.11
2023-12-18,7.82053,28.65,27.15,28.62
2023-12-19,7.81987,28.65,27.15,28.62
2023-12-20,7.81999,28.65,27.15,28.62
2023-12-21,7.82248,28.65,27.15,28.62
2023-12-22,7.82434,28.65,27.15,28.62
2023-12-23,7.82434,28.65,27.15,28.62
2023-12-24,7.82434,28.65,27.15,28.62
2023-12-25,7.82434,28.65,27.15,28.62
2023-12-26,7.83014,28.65,27.15,28.62
2023-12-27,7.8235,30.44,28.95,29.47
2023-12-28,7.82702,30.44,28.95,29.47
2023-12-29,7.82702,30.44,28.95,29.47
2023-12-30,7.82702,30.44,28.95,29.47
2023-12-31,7.82702,30.44,28.95,29.47
2024-01-01,7.82702,30.44,28.95,29.47
2024-01-02,7.82481,30.44,28.95,29.47
2024-01-03,7.82445,30.47,28.97,29.48
2024-01-04,7.82409,30.47,28.97,29.48
2024-01-05,7.82322,30.47,28.97,29.48
2024-01-06,7.82322,30.47,28.97,29.48
2024-01-07,7.82322,30.47,28.97,29.48
2024-01-08,7.81941,30.47,28.97,29.48
2024-01-09,7.81686,30.47,28.97,29.48
2024-01-10,7.82016,30.47,28.97,29.48
2024-01-11,7.81767,30.47,28.97,29.48
2024-01-12,7.82083,30.47,28.97,29.48
2024-01-13,7.82083,30.47,28.97,29.48
2024-01-14,7.82083,30.47,28.97,29.48
2024-01-15,7.81224,30.29,28.79,28.55
2024-01-16,7.81402,30.29,28.79,28.55
2024-01-17,7.81651,30.29,28.79,28.55
2024-01-18,7.81988,30.29,28.79,28.55
2024-01-19,7.81782,30.29,28.79,28.55
2024-01-20,7.81782,30.29,28.79,28.55
2024-01-21,7.81782,30.29,28.79,28.55
2024-01-22,7.81494,30.9,29.39,29.11
2024-01-23,7.81473,30.9,29.39,29.11
2024-01-24,7.81578,30.9,29.39,29.11
2024-01-25,7.8187,30.9,29.39,29.11
2024-01-26,7.81541,30.9,29.39,29.11
2024-01-27,7.81541,30.9,29.39,29.11
2024-01-28,7.81541,30.9,29.39,29.11
2024-01-29,7.81382,30.97,29.48,29.19
2024-01-30,7.81142,30.97,29.48,29.19
2024-01-31,7.81454,30.97,29.48,29.19
2024-02-01,7.81252,30.97,29.48,29.19
2024-02-02,7.81323,30.97,29.48,29.19
2024-02-03,7.81323,30.97,29.48,29.19
2024-02-04,7.81323,30.97,29.48,29.19
2024-02-05,7.81166,31.46,29.96,30.44
2024-02-06,7.81149,31.46,29.96,30.44
2024-02-07,7.81172,31.46,29.96,30.44
2024-02-08,7.81098,31.46,29.96,30.44
2024-02-09,7.80938,31.46,29.96,30.44
2024-02-10,7.80938,31.46,29.96,30.44
2024-02-11,7.80938,31.46,29.96,30.44
2024-02-12,7.80661,31.47,29.97,30.47
2024-02-13,7.80679,31.47,29.97,30.47
2024-02-14,7.8062,31.47,29.97,30.47
2024-02-15,7.80652,31.47,29.97,30.47
2024-02-16,7.81128,31.47,29.97,30.47
2024-02-17,7.81128,31.47,29.97,30.47
2024-02-18,7.81128,31.47,29.97,30.47
2024-02-19,7.8033,31.97,30.48,30.98
2024-02-20,7.81046,31.97,30.48,30.98
2024-02-21,7.81151,31.97,30.48,30.98
2024-02-22,7.81327,31.97,30.48,30.98
2024-02-23,7.81274,31.97,30.48,30.98
2024-02-24,7.81274,31.97,30.48,30.98
2024-02-25,7.81274,31.97,30.48,30.98
2024-02-26,7.80942,32.45,30.95,30.97
2024-02-27,7.81045,32.45,30.95,30.97
2024-02-28,7.81473,32.45,30.95,30.97
2024-02-29,7.81768,32.45,30.95,30.97
2024-03-01,7.81835,32.45,30.95,30.97
2024-03-02,7.81835,32.45,30.95,30.97
2024-03-03,7.81835,32.45,30.95,30.97
2024-03-04,7.80899,32.89,31.4,30.7
2024-03-05,7.80618,32.89,31.4,30.7
2024-03-06,7.81174,32.89,31.4,30.7
2024-03-07,7.80744,32.89,31.4,30.7
2024-03-08,7.80954,32.89,31.4,30.7
2024-03-09,7.80954,32.89,31.4,30.7
2024-03-10,7.80954,32.89,31.4,30.7
2024-03-11,7.80453,33.42,31.92,30.15
2024-03-12,7.80502,33.42,31.92,30.15
2024-03-13,7.80439,33.42,31.92,30.15
2024-03-14,7.80143,33.42,31.92,30.15
2024-03-15,7.80777,33.42,31.92,30.15
2024-03-16,7.80777,33.42,31.92,30.15
2024-03-17,7.80777,33.42,31.92,30.15
2024-03-18,7.80118,34.46,32.96,29.56
2024-03-19,7.79934,34.46,32.96,29.56
2024-03-20,7.79631,34.46,32.96,29.56
2024-03-21,7.79873,34.46,32.96,29.56
2024-03-22,7.80164,34.46,32.96,29.56
2024-03-23,7.80164,34.46,32.96,29.56
2024-03-24,7.80164,34.46,32.96,29.56
2024-03-25,7.79277,34.95,33.4,29.48
2024-03-26,7.79012,34.95,33.4,29.48
2024-03-27,7.79165,34.95,33.4,29.48
2024-03-28,7.79165,34.95,33.4,29.48
2024-03-29,7.79165,34.95,33.4,29.48
2024-03-30,7.79165,34.95,33.4,29.48
2024-03-31,7.79165,34.95,33.4,29.48
2024-04-01,7.79234,34.98,33.48,29.48
2024-04-02,7.78814,34.98,33.48,29.48
2024-04-03,7.79092,34.98,33.48,29.48
2024-04-04,7.78751,34.98,33.48,29.48
2024-04-05,7.7854,34.98,33.48,29.48
2024-04-06,7.7854,34.98,33.48,29.48
2024-04-07,7.7854,34.98,33.48,29.48
2024-04-08,7.78505,35.64,34.14,30.21
2024-04-09,7.77785,35.64,34.14,30.21
2024-04-10,7.78365,35.64,34.14,30.21
2024-04-11,7.78253,35.64,34.14,30.21
2024-04-12,7.77944,35.64,34.14,30.21
2024-04-13,7.77944,35.64,34.14,30.21
2024-04-14,7.77944,35.64,34.14,30.21
2024-04-15,7.77181,35.68,34.18,30.17
2024-04-16,7.77527,35.68,34.18,30.17
2024-04-17,7.77342,35.68,34.18,30.17
2024-04-18,7.77951,35.68,34.18,30.17
2024-04-19,7.77815,35.68,34.18,30.17
2024-04-20,7.77815,35.68,34.18,30.17
2024-04-21,7.77815,35.68,34.18,30.17
2024-04-22,7.77084,35.17,33.67,29.81
2024-04-23,7.77111,35.17,33.67,29.81
2024-04-24,7.78057,35.17,33.67,29.81
2024-04-25,7.7753,35.17,33.67,29.81
2024-04-26,7.77641,35.17,33.67,29.81
2024-04-27,7.77641,35.17,33.67,29.81
2024-04-28,7.77641,35.17,33.67,29.81
2024-04-29,7.77011,34.51,33.06,29.24
2024-04-30,7.77182,34.51,33.06,29.24
2024-05-01,7.77182,34.51,33.06,29.24
2024-05-02,7.7732,34.51,33.06,29.24
2024-05-03,7.77465,34.51,33.06,29.24
2024-05-04,7.77465,34.51,33.06,29.24
2024-05-05,7.77465,34.51,33.06,29.24
2024-05-06,7.76736,34.17,32.67,28.86
2024-05-07,7.76738,34.17,32.67,28.86
2024-05-08,7.76697,34.17,32.67,28.86
2024-05-09,7.76473,34.17,32.67,28.86
2024-05-10,7.76748,34.17,32.67,28.86
2024-05-11,7.76748,34.17,32.67,28.86
2024-05-12,7.76748,34.17,32.67,28.86
2024-05-13,7.76288,33.61,32.11,28.3
2024-05-14,7.76071,33.61,32.11,28.3
2024-05-15,7.76407,33.61,32.11,28.3
2024-05-16,7.77139,33.61,32.11,28.3
2024-05-17,7.76584,33.61,32.11,28.3
2024-05-18,7.76584,33.61,32.11,28.3
2024-05-19,7.76584,33.61,32.11,28.3
2024-05-20,7.75929,33.01,31.51,27.88
2024-05-21,7.76599,33.01,31.51,27.88
2024-05-22,7.76775,33.01,31.51,27.88
2024-05-23,7.76412,33.01,31.51,27.88
2024-05-24,7.77052,33.01,31.51,27.88
2024-05-25,7.77052,33.01,31.51,27.88
2024-05-26,7.77052,33.01,31.51,27.88
2024-05-27,7.76498,32.88,31.37,27.63
2024-05-28,7.7674,32.88,31.37,27.63
2024-05-29,7.77129,32.88,31.37,27.63
2024-05-30,7.76909,32.88,31.37,27.63
2024-05-31,7.76756,32.88,31.37,27.63
2024-06-01,7.76756,32.88,31.37,27.63
2024-06-02,7.76756,32.88,31.37,27.63
2024-06-03,7.76374,32.51,31.01,27.31
2024-06-04,7.7685,32.51,31.01,27.31
2024-06-05,7.76761,32.51,31.01,27.31
2024-06-06,7.76844,32.51,31.01,27.31
2024-06-07,7.76638,32.51,31.01,27.31
2024-06-08,7.76638,32.51,31.01,27.31
2024-06-09,7.76638,32.51,31.01,27.31
2024-06-10,7.76241,32.38,30.88,27.18
2024-06-11,7.76323,32.38,30.88,27.18
2024-06-12,7.7621,32.38,30.88,27.18
2024-06-13,7.76371,32.38,30.88,27.18
2024-06-14,7.76989,32.38,30.88,27.18
2024-06-15,7.76989,32.38,30.88,27.18
2024-06-16,7.76989,32.38,30.88,27.18
2024-06-17,7.75552,32.38,30.88,27.56
2024-06-18,7.75549,32.38,30.88,27.56
2024-06-19,7.75478,32.38,30.88,27.56
2024-06-20,7.76354,32.38,30.88,27.56
2024-06-21,7.7656,32.38,30.88,27.56
2024-06-22,7.7656,32.38,30.88,27.56
2024-06-23,7.7656,32.38,30.88,27.56
2024-06-24,7.75704,32.4,30.91,27.68
2024-06-25,7.76527,32.4,30.91,27.68
2024-06-26,7.76529,32.4,30.91,27.68
2024-06-27,7.76874,32.4,30.91,27.68
2024-06-28,7.76874,32.4,30.91,27.68
2024-06-29,7.76874,32.4,30.91,27.68
2024-06-30,7.76874,32.4,30.91,27.68
2024-07-01,7.76874,32.4,30.91,27.68
2024-07-02,7.76071,32.4,30.91,27.68
2024-07-03,7.76488,32.67,31.17,28.53
2024-07-04,7.76514,32.67,31.17,28.53
2024-07-05,7.76235,32.67,31.17,28.53
2024-07-06,7.76235,32.67,31.17,28.53
2024-07-07,7.76235,32.67,31.17,28.53
2024-07-08,7.75548,32.68,31.17,28.16
2024-07-09,7.75396,32.68,31.17,28.16
2024-07-10,7.75632,32.68,31.17,28.16
2024-07-11,7.76475,32.68,31.17,28.16
2024-07-12,7.75719,32.68,31.17,28.16
2024-07-13,7.75719,32.68,31.17,28.16
2024-07-14,7.75719,32.68,31.17,28.16
2024-07-15,7.74966,33.23,31.73,28.55
2024-07-16,7.7493,33.23,31.73,28.55
2024-07-17,7.75223,33.23,31.73,28.55
2024-07-18,7.75657,33.23,31.73,28.55
2024-07-19,7.7559,33.23,31.73,28.55
2024-07-20,7.7559,33.23,31.73,28.55
2024-07-21,7.7559,33.23,31.73,28.55
2024-07-22,7.74805,32.79,31.29,28.09
2024-07-23,7.75022,32.79,31.29,28.09
2024-07-24,7.74953,32.79,31.29,28.09
2024-07-25,7.7497,32.79,31.29,28.09
2024-07-26,7.74973,32.79,31.29,28.09
2024-07-27,7.74973,32.79,31.29,28.09
2024-07-28,7.74973,32.79,31.29,28.09
2024-07-29,7.74729,32.63,31.13,27.93
2024-07-30,7.74698,32.63,31.13,27.93
2024-07-31,7.74578,32.63,31.13,27.93
2024-08-01,7.748,32.63,31.13,27.93
2024-08-02,7.7481,32.63,31.13,27.93
2024-08-03,7.7481,32.63,31.13,27.93
2024-08-04,7.7481,32.63,31.13,27.93
2024-08-05,7.74023,32.65,31.14,27.8
2024-08-06,7.74562,32.65,31.14,27.8
2024-08-07,7.74402,32.65,31.14,27.8
2024-08-08,7.74514,32.65,31.14,27.8
2024-08-09,7.74681,32.65,31.14,27.8
2024-08-10,7.74681,32.65,31.14,27.8
2024-08-11,7.74681,32.65,31.14,27.8
2024-08-12,7.73554,32.9,31.41,27.34
2024-08-13,7.73543,32.9,31.41,27.34
2024-08-14,7.74082,32.9,31.41,27.34
2024-08-15,7.74082,32.9,31.41,27.34
2024-08-16,7.73432,32.9,31.41,27.34
2024-08-17,7.73432,32.9,31.41,27.34
2024-08-18,7.73432,32.9,31.41,27.34
2024-08-19,7.73125,32.96,31.46,27.31
2024-08-20,7.73326,32.96,31.46,27.31
2024-08-21,7.73353,32.96,31.46,27.31
2024-08-22,7.73165,32.96,31.46,27.31
2024-08-23,7.73339,32.96,31.46,27.31
2024-08-24,7.73339,32.96,31.46,27.31
2024-08-25,7.73339,32.96,31.46,27.31
2024-08-26,7.72897,32.28,30.78,27.24
2024-08-27,7.72742,32.28,30.78,27.24
2024-08-28,7.72815,32.28,30.78,27.24
2024-08-29,7.73314,32.28,30.78,27.24
2024-08-30,7.7291,32.28,30.78,27.24
2024-08-31,7.7291,32.28,30.78,27.24
2024-09-01,7.7291,32.28,30.78,27.24
2024-09-02,7.72243,31.71,30.21,27.2
2024-09-03,7.7346,31.71,30.21,27.2
2024-09-04,7.732,31.71,30.21,27.2
2024-09-05,7.7328,31.71,30.21,27.2
2024-09-06,7.732,31.71,30.21,27.2
2024-09-07,7.732,31.71,30.21,27.2
2024-09-08,7.732,31.71,30.21,27.2
2024-09-09,7.72955,31.18,29.68,26.91
2024-09-10,7.72589,31.18,29.68,26.91
2024-09-11,7.73298,31.18,29.68,26.91
2024-09-12,7.73105,31.18,29.68,26.91
2024-09-13,7.72928,31.18,29.68,26.91
2024-09-14,7.72928,31.18,29.68,26.91
2024-09-15,7.72928,31.18,29.68,26.91
2024-09-16,7.72928,31.18,29.68,26.91
2024-09-17,7.72224,30.01,28.51,25.98
2024-09-18,7.72825,30.01,28.51,25.98
2024-09-19,7.72875,30.01,28.51,25.98
2024-09-20,7.72859,30.01,28.51,25.98
2024-09-21,7.72859,30.01,28.51,25.98
2024-09-22,7.72859,30.01,28.51,25.98
2024-09-23,7.729,29.51,27.99,25.5
2024-09-24,7.72542,29.51,27.99,25.5
2024-09-25,7.72828,29.51,27.99,25.5
2024-09-26,7.7314,29.51,27.99,25.5
2024-09-27,7.73184,29.51,27.99,25.5
2024-09-28,7.73184,29.51,27.99,25.5
2024-09-29,7.73184,29.51,27.99,25.5
2024-09-30,7.72348,29.5,28.0,25.5
2024-10-01,7.72798,29.5,28.0,25.5
2024-10-02,7.7323,29.5,28.0,25.5
2024-10-03,7.73136,29.5,28.0,25.5
2024-10-04,7.73079,29.5,28.0,25.5
2024-10-05,7.73079,29.5,28.0,25.5
2024-10-06,7.73079,29.5,28.0,25.5
2024-10-07,7.72646,29.16,27.66,25.43
2024-10-08,7.7254,29.16,27.66,25.43
2024-10-09,7.72718,29.16,27.66,25.43
2024-10-10,7.72795,29.16,27.66,25.43
2024-10-11,7.72795,29.16,27.66,25.43
2024-10-12,7.72795,29.16,27.66,25.43
2024-10-13,7.72795,29.16,27.66,25.43
2024-10-14,7.72533,30.48,29.01,26.77
2024-10-15,7.73074,30.48,29.01,26.77
2024-10-16,7.72643,30.48,29.01,26.77
2024-10-17,7.72785,30.48,29.01,26.77
2024-10-18,7.7277,30.48,29.01,26.77
2024-10-19,7.7277,30.48,29.01,26.77
2024-10-20,7.7277,30.48,29.01,26.77
2024-10-21,7.7277,30.48,29.01,26.77
2024-10-22,7.72536,30.11,28.62,26.39
2024-10-23,7.72628,30.11,28.62,26.39
2024-10-24,7.73108,30.11,28.62,26.39
2024-10-25,7.72565,30.11,28.62,26.39
2024-10-26,7.72565,30.11,28.62,26.39
2024-10-27,7.72565,30.11,28.62,26.39
2024-10-28,7.72412,29.98,28.48,26.28
2024-10-29,7.722,29.98,28.48,26.28
2024-10-30,7.72354,29.98,28.48,26.28
2024-10-31,7.72505,29.98,28.48,26.28
2024-11-01,7.72505,29.98,28.48,26.28
2024-11-02,7.72505,29.98,28.48,26.28
2024-11-03,7.72505,29.98,28.48,26.28
2024-11-04,7.72288,29.0,27.49,25.65
2024-11-05,7.72253,29.0,27.49,25.65
2024-11-06,7.7222,29.0,27.49,25.65
2024-11-07,7.72371,29.0,27.49,25.65
2024-11-08,7.72169,29.0,27.49,25.65
2024-11-09,7.72169,29.0,27.49,25.65
2024-11-10,7.72169,29.0,27.49,25.65
2024-11-11,7.72037,28.88,27.37,25.58
2024-11-12,7.72304,28.88,27.37,25.58
2024-11-13,7.71791,28.88,27.37,25.58
2024-11-14,7.71951,28.88,27.37,25.58
2024-11-15,7.72007,28.88,27.37,25.58
2024-11-16,7.72007,28.88,27.37,25.58
2024-11-17,7.72007,28.88,27.37,25.58
2024-11-18,7.71604,28.88,27.37,25.6
2024-11-19,7.71501,28.88,27.37,25.6
2024-11-20,7.71446,28.88,27.37,25.6
2024-11-21,7.71485,28.88,27.37,25.6
2024-11-22,7.7167,28.88,27.37,25.6
2024-11-23,7.7167,28.88,27.37,25.6
2024-11-24,7.7167,28.88,27.37,25.6
2024-11-25,7.71178,28.93,27.43,25.61
2024-11-26,7.71033,28.93,27.43,25.61
2024-11-27,7.71188,28.93,27.43,25.61
2024-11-28,7.71515,28.93,27.43,25.61
2024-11-29,7.7174,28.93,27.43,25.61
2024-11-30,7.7174,28.93,27.43,25.61
2024-12-01,7.7174,28.93,27.43,25.61
2024-12-02,7.70966,28.88,27.38,25.58
2024-12-03,7.71186,28.88,27.38,25.58
2024-12-04,7.70941,28.88,27.38,25.58
2024-12-05,7.70902,28.88,27.38,25.58
2024-12-06,7.70342,28.88,27.38,25.58
2024-12-07,7.70342,28.88,27.38,25.58
2024-12-08,7.70342,28.88,27.38,25.58
2024-12-09,7.70188,28.33,26.82,24.89
2024-12-10,7.69994,28.33,26.82,24.89
2024-12-11,7.70013,28.33,26.82,24.89
2024-12-12,7.69986,28.33,26.82,24.89
2024-12-13,7.69824,28.33,26.82,24.89
2024-12-14,7.69824,28.33,26.82,24.89
2024-12-15,7.69824,28.33,26.82,24.89
2024-12-16,7.69433,28.41,26.91,24.99
2024-12-17,7.69624,28.41,26.91,24.99
2024-12-18,7.69708,28.41,26.91,24.99
2024-12-19,7.70174,28.41,26.91,24.99
2024-12-20,7.70255,28.41,26.91,24.99
2024-12-21,7.70255,28.41,26.91,24.99
2024-12-22,7.70255,28.41,26.91,24.99
2024-12-23,7.69885,28.41,26.91,24.99
2024-12-24,7.69903,28.41,26.91,24.99
2024-12-25,7.69903,28.41,26.91,24.99
2024-12-26,7.7143,28.99,27.49,25.51
2024-12-27,7.70694,28.99,27.49,25.51
2024-12-28,7.70694,28.99,27.49,25.51
2024-12-29,7.70694,28.99,27.49,25.51
2024-12-30,7.70625,28.95,27.45,25.47
2024-12-31,7.70625,28.95,27.45,25.47
2025-01-01,7.70625,28.95,27.45,25.47
2025-01-02,7.7074,28.95,27.45,25.47
2025-01-03,7.70971,28.95,27.45,25.47
2025-01-04,7.70971,28.95,27.45,25.47
2025-01-05,7.70971,28.95,27.45,25.47
2025-01-06,7.71223,29.56,28.05,26.18
2025-01-07,7.70822,29.56,28.05,26.18
2025-01-08,7.70952,29.56,28.05,26.18
2025-01-09,7.70991,29.56,28.05,26.18
2025-01-10,7.71076,29.56,28.05,26.18
2025-01-11,7.71076,29.56,28.05,26.18
2025-01-12,7.71076,29.56,28.05,26.18
2025-01-13,7.70577,30.14,28.63,26.75
2025-01-14,7.71404,30.14,28.63,26.75
2025-01-15,7.7122,30.14,28.63,26.75
2025-01-16,7.71373,30.14,28.63,26.75
2025-01-17,7.71479,30.14,28.63,26.75
2025-01-18,7.71479,30.14,28.63,26.75
2025-01-19,7.71479,30.14,28.63,26.75
2025-01-20,7.70874,30.63,29.12,27.74
2025-01-21,7.71962,30.63,29.12,27.74
2025-01-22,7.71683,30.63,29.12,27.74
2025-01-23,7.72003,30.63,29.12,27.74
2025-01-24,7.72698,30.63,29.12,27.74
2025-01-25,7.72698,30.63,29.12,27.74
2025-01-26,7.72698,30.63,29.12,27.74
2025-01-27,7.72149,30.61,29.11,27.73
2025-01-28,7.72616,30.61,29.11,27.73
2025-01-29,7.73143,30.61,29.11,27.73
2025-01-30,7.726,30.61,29.11,27.73
2025-01-31,7.73299,30.61,29.11,27.73
2025-02-01,7.73299,30.61,29.11,27.73
2025-02-02,7.73299,30.61,29.11,27.73
2025-02-03,7.72177,30.67,28.18,27.79
2025-02-04,7.72169,30.67,28.18,27.79
2025-02-05,7.72205,30.67,28.18,27.79
2025-02-06,7.7224,30.67,28.18,27.79
2025-02-07,7.71659,30.67,28.18,27.79
2025-02-08,7.71659,30.67,28.18,27.79
2025-02-09,7.71659,30.67,28.18,27.79
2025-02-10,7.71619,30.17,28.66,27.02
2025-02-11,7.71252,30.17,28.66,27.02
2025-02-12,7.71307,30.17,28.66,27.02
2025-02-13,7.71346,30.17,28.66,27.02
2025-02-14,7.71059,30.17,28.66,27.02
2025-02-15,7.71059,30.17,28.66,27.02
2025-02-16,7.71059,30.17,28.66,27.02
2025-02-17,7.70364,30.69,29.18,27.58
2025-02-18,7.71458,30.69,29.18,27.58
2025-02-19,7.70967,30.69,29.18,27.58
2025-02-20,7.71097,30.69,29.18,27.58
2025-02-21,7.7105,30.69,29.18,27.58
2025-02-22,7.7105,30.69,29.18,27.58
2025-02-23,7.7105,30.69,29.18,27.58
2025-02-24,7.70726,30.76,29.26,27.67
2025-02-25,7.70956,30.76,29.26,27.67
2025-02-26,7.70984,30.76,29.26,27.67
2025-02-27,7.71006,30.76,29.26,27.67
2025-02-28,7.71145,30.76,29.26,27.67
2025-03-01,7.71145,30.76,29.26,27.67
2025-03-02,7.71145,30.76,29.26,27.67
2025-03-03,7.70822,30.76,29.26,27.67
2025-03-04,7.70594,30.76,29.26,27.67
2025-03-05,7.70554,30.76,29.26,27.67
2025-03-06,7.70344,30.76,29.26,27.67
2025-03-07,7.70675,30.76,29.26,27.67
2025-03-08,7.70675,30.76,29.26,27.67
2025-03-09,7.70675,30.76,29.26,27.67
2025-03-10,7.70193,29.88,28.39,26.81
2025-03-11,7.70245,29.88,28.39,26.81
2025-03-12,7.70197,29.88,28.39,26.81
2025-03-13,7.70471,29.88,28.39,26.81
2025-03-14,7.70309,29.88,28.39,26.81
2025-03-15,7.70309,29.88,28.39,26.81
2025-03-16,7.70309,29.88,28.39,26.81
2025-03-17,7.6965,29.68,28.17,26.08
2025-03-18,7.70049,29.68,28.17,26.08
2025-03-19,7.70297,29.68,28.17,26.08
2025-03-20,7.70833,29.68,28.17,26.08
2025-03-21,7.70247,29.68,28.17,26.08
2025-03-22,7.70247,29.68,28.17,26.08
2025-03-23,7.70247,29.68,28.17,26.08
2025-03-24,7.69863,30.39,28.89,25.76
2025-03-25,7.70482,30.39,28.89,25.76
2025-03-26,7.70661,30.39,28.89,25.76
2025-03-27,7.71033,30.39,28.89,25.76
2025-03-28,7.71525,30.39,28.89,25.76
2025-03-29,7.71525,30.39,28.89,25.76
2025-03-30,7.71525,30.39,28.89,25.76
2025-03-31,7.71165,30.53,29.05,25.79
2025-04-01,7.709,30.53,29.05,25.79
2025-04-02,7.71183,30.53,29.05,25.79
2025-04-03,7.71417,30.53,29.05,25.79
2025-04-04,7.71527,30.53,29.05,25.79
2025-04-05,7.71527,30.53,29.05,25.79
2025-04-06,7.71527,30.53,29.05,25.79
2025-04-07,7.70781,31.27,29.77,26.19
2025-04-08,7.70581,31.27,29.77,26.19
2025-04-09,7.7076,31.27,29.77,26.19
2025-04-10,7.70777,31.27,29.77,26.19
2025-04-11,7.70762,31.27,29.77,26.19
2025-04-12,7.70762,31.27,29.77,26.19
2025-04-13,7.70762,31.27,29.77,26.19
2025-04-14,7.70144,30.49,28.98,25.68
2025-04-15,7.69948,30.49,28.98,25.68
2025-04-16,7.69461,30.49,28.98,25.68
2025-04-17,7.69461,30.49,28.98,25.68
2025-04-18,7.69461,30.49,28.98,25.68
2025-04-19,7.69461,30.49,28.98,25.68
2025-04-20,7.69461,30.49,28.98,25.68
2025-04-21,7.69504,30.29,28.79,25.5
2025-04-22,7.69483,30.29,28.79,25.5
2025-04-23,7.69532,30.29,28.79,25.5
2025-04-24,7.69615,30.29,28.79,25.5
2025-04-25,7.69727,30.29,28.79,25.5
2025-04-26,7.69727,30.29,28.79,25.5
2025-04-27,7.69727,30.29,28.79,25.5
2025-04-28,7.69285,29.97,28.47,25.18
2025-04-29,7.69262,29.97,28.47,25.18
2025-04-30,7.69361,29.97,28.47,25.18
2025-05-01,7.69361,29.97,28.47,25.18
2025-05-02,7.69041,29.97,28.47,25.18
2025-05-03,7.69041,29.97,28.47,25.18
2025-05-04,7.69041,29.97,28.47,25.18
2025-05-05,7.68858,29.78,28.28,25.01
2025-05-06,7.68459,29.78,28.28,25.01
2025-05-07,7.68509,29.78,28.28,25.01
2025-05-08,7.68441,29.78,28.28,25.01
2025-05-09,7.68158,29.78,28.28,25.01
2025-05-10,7.68158,29.78,28.28,25.01
2025-05-11,7.68158,29.78,28.28,25.01
2025-05-12,7.6773,29.59,28.09,24.8
2025-05-13,7.67618,29.59,28.09,24.8
2025-05-14,7.67629,29.59,28.09,24.8
2025-05-15,7.67016,29.59,28.09,24.8
2025-05-16,7.67105,29.59,28.09,24.8
2025-05-17,7.67105,29.59,28.09,24.8
2025-05-18,7.67105,29.59,28.09,24.8
2025-05-19,7.6679,30.23,28.72,25.26
2025-05-20,7.66602,30.23,28.72,25.26
2025-05-21,7.6669,30.23,28.72,25.26
2025-05-22,7.66641,30.23,28.72,25.26
2025-05-23,7.66589,30.23,28.72,25.26
2025-05-24,7.66589,30.23,28.72,25.26
2025-05-25,7.66589,30.23,28.72,25.26
2025-05-26,7.66417,30.25,28.75,25.27
2025-05-27,7.68108,30.25,28.75,25.27
2025-05-28,7.67136,30.25,28.75,25.27
2025-05-29,7.67429,30.25,28.75,25.27
2025-05-30,7.67644,30.25,28.75,25.27
2025-05-31,7.67644,30.25,28.75,25.27
2025-06-01,7.67644,30.25,28.75,25.27
2025-06-02,7.67568,30.16,28.63,25.2
2025-06-03,7.67867,30.16,28.63,25.2
2025-06-04,7.67883,30.16,28.63,25.2
2025-06-05,7.68322,30.16,28.63,25.2
2025-06-06,7.68243,30.16,28.63,25.2
2025-06-07,7.68243,30.16,28.63,25.2
2025-06-08,7.68243,30.16,28.63,25.2
2025-06-09,7.68288,30.0,28.49,25.03
2025-06-10,7.68286,30.0,28.49,25.03
2025-06-11,7.68298,30.0,28.49,25.03
2025-06-12,7.68324,30.0,28.49,25.03
2025-06-13,7.6834,30.0,28.49,25.03
2025-06-14,7.6834,30.0,28.49,25.03
2025-06-15,7.6834,30.0,28.49,25.03
2025-06-16,7.67753,29.93,28.4,24.87
2025-06-17,7.67815,29.93,28.4,24.87
2025-06-18,7.68159,29.93,28.4,24.87
2025-06-19,7.68084,29.93,28.4,24.87
2025-06-20,7.68576,29.93,28.4,24.87
2025-06-21,7.68576,29.93,28.4,24.87
2025-06-22,7.68576,29.93,28.4,24.87
2025-06-23,7.68214,30.97,29.47,26.99
2025-06-24,7.68316,30.97,29.47,26.99
2025-06-25,7.68313,30.97,29.47,26.99
2025-06-26,7.68448,30.97,29.47,26.99
2025-06-27,7.68448,30.97,29.47,26.99
2025-06-28,7.68448,30.97,29.47,26.99
2025-06-29,7.68448,30.97,29.47,26.99
2025-06-30,7.68448,30.97,29.47,26.99
2025-07-01,7.68097,30.97,29.47,26.99
2025-07-02,7.68015,30.96,29.47,26.96
2025-07-03,7.68075,30.96,29.47,26.96
2025-07-04,7.67646,30.96,29.47,26.96
2025-07-05,7.67646,30.96,29.47,26.96
2025-07-06,7.67646,30.96,29.47,26.96
2025-07-07,7.67741,30.98,29.49,27.0
2025-07-08,7.67402,30.98,29.49,27.0
2025-07-09,7.6722,30.98,29.49,27.0
2025-07-10,7.67559,30.98,29.49,27.0
2025-07-11,7.67358,30.98,29.49,27.0
2025-07-12,7.67358,30.98,29.49,27.0
2025-07-13,7.67358,30.98,29.49,27.0
2025-07-14,7.66871,30.5,29.04,26.97
2025-07-15,7.66769,30.5,29.04,26.97
2025-07-16,7.67129,30.5,29.04,26.97
2025-07-17,7.67186,30.5,29.04,26.97
2025-07-18,7.67263,30.5,29.04,26.97
2025-07-19,7.67263,30.5,29.04,26.97
2025-07-20,7.67263,30.5,29.04,26.97
2025-07-21,7.66841,30.47,28.97,27.44
2025-07-22,7.66838,30.47,28.97,27.44
2025-07-23,7.67106,30.47,28.97,27.44
2025-07-24,7.67278,30.47,28.97,27.44
2025-07-25,7.67529,30.47,28.97,27.44
2025-07-26,7.67529,30.47,28.97,27.44
2025-07-27,7.67529,30.47,28.97,27.44
2025-07-28,7.67099,30.47,28.97,27.46
2025-07-29,7.66989,30.47,28.97,27.46
2025-07-30,7.67033,30.47,28.97,27.46
2025-07-31,7.66887,30.47,28.97,27.46
2025-08-01,7.66753,30.47,28.97,27.46
2025-08-02,7.66753,30.47,28.97,27.46
2025-08-03,7.66753,30.47,28.97,27.46
2025-08-04,7.66566,30.46,28.96,27.44
2025-08-05,7.66537,30.46,28.96,27.44
2025-08-06,7.66715,30.46,28.96,27.44
2025-08-07,7.66553,30.46,28.96,27.44
2025-08-08,7.66278,30.46,28.96,27.44
2025-08-09,7.66278,30.46,28.96,27.44
2025-08-10,7.66278,30.46,28.96,27.44
2025-08-11,7.66137,30.44,28.94,26.88
2025-08-12,7.66069,30.44,28.94,26.88
2025-08-13,7.66599,30.44,28.94,26.88
2025-08-14,7.66325,30.44,28.94,26.88
2025-08-15,7.66325,30.44,28.94,26.88
2025-08-16,7.66325,30.44,28.94,26.88
2025-08-17,7.66325,30.44,28.94,26.88
2025-08-18,7.6585,30.13,28.65,26.58
2025-08-19,7.65775,30.13,28.65,26.58
2025-08-20,7.66252,30.13,28.65,26.58
2025-08-21,7.66018,30.13,28.65,26.58
2025-08-22,7.66004,30.13,28.65,26.58
2025-08-23,7.66004,30.13,28.65,26.58
2025-08-24,7.66004,30.13,28.65,26.58
2025-08-25,7.65717,30.04,28.54,26.06
2025-08-26,7.65724,30.04,28.54,26.06
2025-08-27,7.65956,30.04,28.54,26.06
2025-08-28,7.65985,30.04,28.54,26.06
2025-08-29,7.66073,30.04,28.54,26.06
2025-08-30,7.66073,30.04,28.54,26.06
2025-08-31,7.66073,30.04,28.54,26.06
2025-09-01,7.65577,30.04,28.56,26.01
2025-09-02,7.66363,30.04,28.56,26.01
2025-09-03,7.66205,30.04,28.56,26.01
2025-09-04,7.66171,30.04,28.56,26.01
2025-09-05,7.66091,30.04,28.56,26.01
2025-09-06,7.66091,30.04,28.56,26.01
2025-09-07,7.66091,30.04,28.56,26.01
2025-09-08,7.65734,30.06,28.56,26.02
2025-09-09,7.65783,30.06,28.56,26.02
2025-09-10,7.65865,30.06,28.56,26.02
2025-09-11,7.65671,30.06,28.56,26.02
2025-09-12,7.6568,30.06,28.56,26.02
2025-09-13,7.6568,30.06,28.56,26.02
2025-09-14,7.6568,30.06,28.56,26.02
2025-09-15,7.6568,30.06,28.56,26.02
2025-09-16,7.65177,29.97,28.48,25.99
2025-09-17,7.65199,29.97,28.48,25.99
2025-09-18,7.65876,29.97,28.48,25.99
2025-09-19,7.65887,29.97,28.48,25.99
2025-09-20,7.65887,29.97,28.48,25.99
2025-09-21,7.65887,29.97,28.48,25.99
2025-09-22,7.65392,29.94,28.45,26.39
2025-09-23,7.65343,29.94,28.45,26.39
2025-09-24,7.65732,29.94,28.45,26.39
2025-09-25,7.66162,29.94,28.45,26.39
2025-09-26,7.65589,29.94,28.45,26.39
2025-09-27,7.65589,29.94,28.45,26.39
2025-09-28,7.65589,29.94,28.45,26.39
2025-09-29,7.65597,29.95,28.45,26.38
2025-09-30,7.65709,29.95,28.45,26.38
2025-10-01,7.65872,29.95,28.45,26.38
2025-10-02,7.66046,29.95,28.45,26.38
2025-10-03,7.65919,29.95,28.45,26.38
2025-10-04,7.65919,29.95,28.45,26.38
2025-10-05,7.65919,29.95,28.45,26.38
2025-10-06,7.65446,29.96,28.46,26.38
2025-10-07,7.65596,29.96,28.46,26.38
2025-10-08,7.65843,29.96,28.46,26.38
2025-10-09,7.65726,29.96,28.46,26.38
2025-10-10,7.65731,29.96,28.46,26.38
2025-10-11,7.65731,29.96,28.46,26.38
2025-10-12,7.65731,29.96,28.46,26.38
2025-10-13,7.65731,29.55,28.05,25.97
2025-10-14,7.65379,29.55,28.05,25.97
2025-10-15,7.65425,29.55,28.05,25.97
2025-10-16,7.65561,29.55,28.05,25.97
2025-10-17,7.65616,29.55,28.05,25.97
2025-10-18,7.65616,29.55,28.05,25.97
2025-10-19,7.65616,29.55,28.05,25.97
2025-10-20,7.65616,29.55,28.05,25.97
2025-10-21,7.65173,29.09,27.58,25.89
2025-10-22,7.65459,29.09,27.58,25.89
2025-10-23,7.65449,29.09,27.58,25.89
2025-10-24,7.6566,29.09,27.58,25.89
2025-10-25,7.6566,29.09,27.58,25.89
2025-10-26,7.6566,29.09,27.58,25.89
2025-10-27,7.65554,28.32,26.83,25.36
2025-10-28,7.6544,28.32,26.83,25.36
2025-10-29,7.65789,28.32,26.83,25.36
2025-10-30,7.65844,28.32,26.83,25.36
2025-10-31,7.65671,28.32,26.83,25.36
2025-11-01,7.65671,28.32,26.83,25.36
2025-11-02,7.65671,28.32,26.83,25.36
2025-11-03,7.65671,28.2,26.69,26.21
2025-11-04,7.65211,28.2,26.69,26.21
2025-11-05,7.65741,28.2,26.69,26.21
2025-11-06,7.6557,28.2,26.69,26.21
2025-11-07,7.65624,28.2,26.69,26.21
2025-11-08,7.65624,28.2,26.69,26.21
2025-11-09,7.65624,28.2,26.69,26.21
2025-11-10,7.65475,28.46,27.45,26.96
2025-11-11,7.65417,28.46,27.45,26.96
2025-11-12,7.65893,28.46,27.45,26.96
2025-11-13,7.65691,28.46,27.45,26.96
2025-11-14,7.65581,28.46,27.45,26.96
2025-11-15,7.65581,28.46,27.45,26.96
2025-11-16,7.65581,28.46,27.45,26.96
2025-11-17,7.65182,29.43,28.42,27.49
2025-11-18,7.65102,29.43,28.42,27.49
2025-11-19,7.65449,29.43,28.42,27.49
2025-11-20,7.65528,29.43,28.42,27.49
2025-11-21,7.65581,29.43,28.42,27.49
2025-11-22,7.65581,29.43,28.42,27.49
2025-11-23,7.65581,29.43,28.42,27.49
2025-11-24,7.65369,29.43,28.42,27.43
2025-11-25,7.6525,29.43,28.42,27.43
2025-11-26,7.65446,29.43,28.42,27.43
2025-11-27,7.65596,29.43,28.42,27.43
2025-11-28,7.65854,29.43,28.42,27.43
2025-11-29,7.65854,29.43,28.42,27.43
2025-11-30,7.65854,29.43,28.42,27.43
2025-12-01,7.65176,28.55,27.54,26.99
2025-12-02,7.65481,28.55,27.54,26.99
2025-12-03,7.65611,28.55,27.54,26.99
2025-12-04,7.65467,28.55,27.54,26.99
2025-12-05,7.65517,28.55,27.54,26.99
2025-12-06,7.65517,28.55,27.54,26.99
2025-12-07,7.65517,28.55,27.54,26.99
2025-12-08,7.65479,28.41,27.42,26.38
2025-12-09,7.65146,28.41,27.42,26.38
2025-12-10,7.65438,28.41,27.42,26.38
2025-12-11,7.65465,28.41,27.42,26.38
2025-12-12,7.65572,28.41,27.42,26.38
2025-12-13,7.65572,28.41,27.42,26.38
2025-12-14,7.65572,28.41,27.42,26.38
2025-12-15,7.65292,28.22,27.22,25.85
2025-12-16,7.65371,28.22,27.22,25.85
2025-12-17,7.65605,28.22,27.22,25.85
2025-12-18,7.65802,28.22,27.22,25.85
2025-12-19,7.65772,28.22,27.22,25.85
2025-12-20,7.65772,28.22,27.22,25.85
2025-12-21,7.65772,28.22,27.22,25.85
2025-12-22,7.65245,27.51,26.51,25.41
2025-12-23,7.65553,27.51,26.51,25.41
2025-12-24,7.65698,27.51,26.51,25.41
2025-12-25,7.65698,27.51,26.51,25.41
2025-12-26,7.66417,27.51,26.51,25.41
2025-12-27,7.66417,27.51,26.51,25.41
2025-12-28,7.66417,27.51,26.51,25.41
2025-12-29,7.65916,27.3,26.3,24.92
2025-12-30,7.66451,27.3,26.3,24.92
2025-12-31,7.66451,27.3,26.3,24.92
2026-01-01,7.66451,27.3,26.3,24.92
2026-01-02,7.66536,27.3,26.3,24.92
2026-01-03,7.66536,27.3,26.3,24.92
2026-01-04,7.66536,27.3,26.3,24.92
2026-01-05,7.6597,27.29,26.29,24.89
2026-01-06,7.66244,27.29,26.29,24.89
2026-01-07,7.66482,27.29,26.29,24.89
2026-01-08,7.66571,27.29,26.29,24.89
2026-01-09,7.66604,27.29,26.29,24.89
2026-01-10,7.66604,27.29,26.29,24.89
2026-01-11,7.66604,27.29,26.29,24.89
2026-01-12,7.66415,27.29,26.29,24.89
2026-01-13,7.66315,27.29,26.29,24.89
2026-01-14,7.66519,27.29,26.29,24.89
2026-01-15,7.66567,27.29,26.29,24.89
2026-01-16,7.66386,27.29,26.29,24.89
2026-01-17,7.66386,27.29,26.29,24.89
2026-01-18,7.66386,27.29,26.29,24.89
2026-01-19,7.6621,27.49,26.53,25.1
2026-01-20,7.66827,27.49,26.53,25.1
2026-01-21,7.665,27.49,26.53,25.1
2026-01-22,7.66794,27.49,26.53,25.1
2026-01-23,7.66802,27.49,26.53,25.1
2026-01-24,7.66802,27.49,26.53,25.1
2026-01-25,7.66802,27.49,26.53,25.1
2026-01-26,7.66412,28.0,27.0,25.59
2026-01-27,7.66336,28.0,27.0,25.59
2026-01-28,7.66752,28.0,27.0,25.59
2026-01-29,7.66777,28.0,27.0,25.59
2026-01-30,7.66614,28.0,27.0,25.59
2026-01-31,7.66614,28.0,27.0,25.59
2026-02-01,7.66614,28.0,27.0,25.59
2026-02-02,7.66326,29.04,28.04,26.74
2026-02-03,7.66598,29.04,28.04,26.74
2026-02-04,7.66678,29.04,28.04,26.74
2026-02-05,7.66569,29.04,28.04,26.74
2026-02-06,7.66721,29.04,28.04,26.74
2026-02-07,7.66721,29.04,28.04,26.74
2026-02-08,7.66721,29.04,28.04,26.74
2026-02-09,7.66397,29.08,28.08,26.8
2026-02-10,7.66387,29.08,28.08,26.8
2026-02-11,7.66387,29.08,28.08,26.8
2026-02-12,7.66507,29.08,28.08,26.8
2026-02-13,7.66287,29.08,28.08,26.8
2026-02-14,7.66287,29.08,28.08,26.8
2026-02-15,7.66287,29.08,28.08,26.8
2026-02-16,7.663,29.1,28.1,26.8
2026-02-17,7.66739,29.1,28.1,26.8
2026-02-18,7.66449,29.1,28.1,26.8
2026-02-19,7.66561,29.1,28.1,26.8
2026-02-20,7.66349,29.1,28.1,26.8
2026-02-21,7.66349,29.1,28.1,26.8
2026-02-22,7.66349,29.1,28.1,26.8
2026-02-23,7.66432,29.57,28.57,27.75
2026-02-24,7.66434,29.57,28.57,27.75
2026-02-25,7.66607,29.57,28.57,27.75
2026-02-26,7.66496,29.57,28.57,27.75
2026-02-27,7.66476,29.57,28.57,27.75
2026-02-28,7.66476,29.57,28.57,27.75
2026-03-01,7.66476,29.57,28.57,27.75
2026-03-02,7.66143,30.54,29.53,28.28
2026-03-03,7.6658,30.54,29.53,28.28
2026-03-04,7.66344,30.54,29.53,28.28
2026-03-05,7.66314,30.54,29.53,28.28
2026-03-06,7.66271,30.54,29.53,28.28
2026-03-07,7.66271,30.54,29.53,28.28
2026-03-08,7.66271,30.54,29.53,28.28
2026-03-09,7.65904,33.0,31.88,31.81
2026-03-10,7.65857,33.0,31.88,31.81
2026-03-11,7.66069,33.0,31.88,31.81
2026-03-12,7.6605,34.92,33.97,35.16
2026-03-13,7.65814,34.92,33.97,35.16
2026-03-14,7.65814,34.92,33.97,35.16
2026-03-15,7.65814,34.92,33.97,35.16
2026-03-16,7.65284,36.48,35.47,37.3
2026-03-17,7.65213,36.48,35.47,37.3
2026-03-18,7.65267,36.48,35.47,37.3
2026-03-19,7.65445,37.48,36.48,39.5
2026-03-20,7.65366,37.48,36.48,39.5
2026-03-21,7.65366,37.48,36.48,39.5
2026-03-22,7.65366,37.48,36.48,39.5
2026-03-23,7.64871,39.47,38.47,41.48
2026-03-24,7.64664,39.47,38.47,41.48
2026-03-25,7.64911,39.47,38.47,41.48
2026-03-26,7.65053,39.48,38.47,41.46
2026-03-27,7.65053,39.48,38.47,41.46
2026-03-28,7.65053,39.48,38.47,41.46
2026-03-29,7.65053,39.48,38.47,41.46
2026-03-30,7.64548,39.48,38.48,42.43
2026-03-31,7.64677,39.48,38.48,42.43
2026-04-01,7.64121,39.48,38.48,42.43
2026-04-02,7.64121,39.48,38.48,42.43
2026-04-03,7.64121,39.48,38.48,42.43
2026-04-04,7.64121,39.48,38.48,42.43
2026-04-05,7.64121,39.48,38.48,42.43
2026-04-06,7.64294,40.48,39.48,43.69
2026-04-07,7.64175,40.48,39.48,43.69
2026-04-08,7.64356,40.48,39.48,43.69
2026-04-09,7.64245,40.44,39.44,43.65
2026-04-10,7.64268,40.44,39.44,43.65
2026-04-11,7.64268,40.44,39.44,43.65
2026-04-12,7.64268,40.44,39.44,43.65
2026-04-13,7.63886,39.98,38.98,43.19
2026-04-14,7.63809,39.98,38.98,43.19
2026-04-15,7.64079,39.98,38.98,43.19
2026-04-16,7.64035,39.21,38.21,42.03
2026-04-17,7.63962,39.21,38.21,42.03
2026-04-18,7.63962,39.21,38.21,42.03
2026-04-19,7.63962,39.21,38.21,42.03
2026-04-20,7.63709,38.99,37.99,41.16
2026-04-21,7.63568,38.99,37.99,41.16
2026-04-22,7.63726,38.99,37.99,41.16
2026-04-23,7.63875,39.81,38.81,41.12
2026-04-24,7.63867,39.81,38.81,41.12
2026-04-25,7.63867,39.81,38.81,41.12
2026-04-26,7.63867,39.81,38.81,41.12
2026-04-27,7.63378,41.33,40.31,42.24
2026-04-28,7.63391,36.76,35.76,34.32
2026-04-29,7.63476,36.76,35.76,34.32
2026-04-30,7.63627,36.76,35.76,34.32
2026-05-01,7.63627,36.76,35.76,34.32
2026-05-02,7.63627,36.76,35.76,34.32
2026-05-03,7.63627,36.76,35.76,34.32
2026-05-04,7.63079,36.76,35.76,34.32
2026-05-05,7.63017,39.33,38.33,35.93
2026-05-06,7.6312,39.33,38.33,35.93
2026-05-07,7.63027,39.33,38.33,35.93
2026-05-08,7.62929,39.33,38.33,35.93
2026-05-09,7.62929,39.33,38.33,35.93
2026-05-10,7.62929,39.33,38.33,35.93
2026-05-11,7.62478,39.33,38.33,35.93
2026-05-12,7.62488,37.56,36.56,33.81
2026-05-13,7.62421,37.56,36.56,33.81
2026-05-14,7.62525,37.56,36.56,33.81
2026-05-15,7.62326,37.56,36.56,33.81
2026-05-16,7.62326,37.56,36.56,33.81
2026-05-17,7.62326,37.56,36.56,33.81
2026-05-18,7.61963,37.56,36.56,33.81
2026-05-19,7.61971,38.64,37.64,33.96
2026-05-20,7.62313,38.64,37.64,33.96
2026-05-21,7.62184,38.64,37.64,33.96
2026-05-22,7.62106,38.64,37.64,33.96
2026-05-23,7.62106,38.64,37.64,33.96
2026-05-24,7.62106,38.64,37.64,33.96
2026-05-25,7.61679,38.64,37.64,33.96
2026-05-26,7.6226,37.35,36.35,33.26
2026-05-27,7.62099,37.35,36.35,33.26
2026-05-28,7.6243,37.35,36.35,33.26
2026-05-29,7.6224,37.35,36.35,33.26
2026-05-30,7.6224,37.35,36.35,33.26
2026-05-31,7.6224,37.35,36.35,33.26
2026-06-01,7.61831,37.35,36.35,33.26
2026-06-02,7.62068,33.91,32.91,30.64
2026-06-03,7.61815,33.91,32.91,30.64
2026-06-04,7.61774,33.91,32.91,30.64
2026-06-05,7.61933,33.91,32.91,30.64
2026-06-06,7.61933,33.91,32.91,30.64
2026-06-07,7.61933,33.91,32.91,30.64
2026-06-08,7.61505,33.91,32.91,30.64
2026-06-09,7.61545,34.07,33.07,32.22
2026-06-10,7.61633,34.07,33.07,32.22
2026-06-11,7.61523,34.07,33.07,32.22
2026-06-12,7.6149,34.07,33.07,32.22
2026-06-13,7.6149,34.07,33.07,32.22
2026-06-14,7.6149,34.07,33.07,32.22
2026-06-15,7.61388,34.07,33.07,32.22
2026-06-16,7.61364,33.85,32.85,30.25
2026-06-17,7.61843,33.85,32.85,30.25
2026-06-18,7.61946,33.85,32.85,30.25
2026-06-19,7.61553,33.85,32.85,30.25
2026-06-20,7.61553,33.85,32.85,30.25
2026-06-21,7.61553,33.85,32.85,30.25
2026-06-22,7.62308,33.85,32.85,30.25
2026-06-23,7.61982,32.14,31.14,27.3
2026-06-24,7.62327,32.14,31.14,27.3
2026-06-25,7.62313,32.14,31.14,27.3
2026-06-26,7.62313,32.14,31.14,27.3
2026-06-27,7.62313,32.14,31.14,27.3
2026-06-28,7.62313,32.14,31.14,27.3
2026-06-29,7.62313,32.14,31.14,27.3
2026-06-30,7.61812,32.09,31.09,27.29
2026-07-01,7.62415,32.09,31.09,27.29
2026-07-02,7.62342,32.09,31.09,27.29
2026-07-03,7.62032,32.09,31.09,27.29
2026-07-04,7.62032,32.09,31.09,27.29
2026-07-05,7.62032,32.09,31.09,27.29
2026-07-06,7.62394,37.01,36.01,35.17
2026-07-07,7.62074,37.01,36.01,35.17
2026-07-08,7.62112,37.01,36.01,35.17
2026-07-09,7.62129,37.01,36.01,35.17
2026-07-10,7.62551,37.01,36.01,35.17
2026-07-11,7.62551,37.01,36.01,35.17
2026-07-12,7.62551,37.01,36.01,35.17
2026-07-13,7.6178,39.06,38.07,37.58
2026-07-14,7.61766,39.06,38.07,37.58
2026-07-15,7.61989,39.06,38.07,37.58
2026-07-16,7.62091,39.06,38.07,37.58
2026-07-17,7.62311,39.06,38.07,37.58
2026-07-18,7.62311,39.06,38.07,37.58
2026-07-19,7.62311,39.06,38.07,37.58
2026-07-20,7.61911,39.56,38.56,39.54
2026-07-21,7.61923,39.56,38.56,39.54
2026-07-22,7.62466,41.07,40.07,42.26
2026-07-23,7.62355,41.07,40.07,42.26
2026-07-24,7.62581,41.07,40.07,42.26
2026-07-25,7.62581,41.07,40.07,42.26
2026-07-26,7.62581,41.07,40.07,42.26
2026-07-27,7.61893,42.03,41.03,43.72
2026-07-28,7.62149,42.03,41.03,43.72
2026-07-29,7.62445,42.03,41.03,43.72
2026-07-30,7.62552,42.03,41.03,43.72
2026-07-31,7.62484,42.03,41.03,43.72
2026-08-01,7.62484,42.03,41.03,43.72
2026-08-02,7.62484,42.03,41.03,43.72
2026-08-03,7.6188,42.08,41.08,43.8
2026-08-04,7.6206,42.08,41.08,43.8
2026-08-05,7.62541,42.08,41.08,43.8
2026-08-06,7.62394,42.08,41.08,43.8
2026-08-07,7.62354,42.08,41.08,43.8
2026-08-08,7.62354,42.08,41.08,43.8
2026-08-09,7.62354,42.08,41.08,43.8
2026-08-10,7.61901,39.55,38.55,42.38
2026-08-11,7.6182,39.55,38.55,42.38
