id,nombre,correo,fecha_registro
1,Cliente Sintético 0001,cliente0001@example.com,2024-08-14
2,Cliente Sintético 0002,cliente0002@example.com,2024-12-16
3,Cliente Sintético 0003,cliente0003@example.com,2024-08-29
4,Cliente Sintético 0004,cliente0004@example.com,2024-11-19
5,Cliente Sintético 0005,cliente0005@example.com,2024-07-24
6,Cliente Sintético 0006,cliente0006@example.com,2024-01-25
7,Cliente Sintético 0007,cliente0007@example.com,2024-05-15
8,Cliente Sintético 0008,cliente0008@example.com,2024-04-15
9,Cliente Sintético 0009,cliente0009@example.com,2024-04-20
10,Cliente Sintético 0010,cliente0010@example.com,2024-07-30
11,Cliente Sintético 0011,cliente0011@example.com,2024-08-08
12,Cliente Sintético 0012,cliente0012@example.com,2024-01-24
13,Cliente Sintético 0013,cliente0013@example.com,2024-11-03
14,Cliente Sintético 0014,cliente0014@example.com,2024-12-04
15,Cliente Sintético 0015,cliente0015@example.com,2024-02-16
16,Cliente Sintético 0016,cliente0016@example.com,2024-05-16
17,Cliente Sintético 0017,cliente0017@example.com,2024-12-15
18,Cliente Sintético 0018,cliente0018@example.com,2024-09-04
19,Cliente Sintético 0019,cliente0019@example.com,2024-10-06
20,Cliente Sintético 0020,cliente0020@example.com,2024-06-02
21,Cliente Sintético 0021,cliente0021@example.com,2024-11-24
22,Cliente Sintético 0022,cliente0022@example.com,2024-06-08
23,Cliente Sintético 0023,cliente0023@example.com,2024-06-04
24,Cliente Sintético 0024,cliente0024@example.com,2024-02-27
25,Cliente Sintético 0025,cliente0025@example.com,2024-09-11
26,Cliente Sintético 0026,cliente0026@example.com,2024-08-17
27,Cliente Sintético 0027,cliente0027@example.com,2024-12-23
28,Cliente Sintético 0028,cliente0028@example.com,2024-12-18
29,Cliente Sintético 0029,cliente0029@example.com,2024-08-16
30,Cliente Sintético 0030,cliente0030@example.com,2024-01-17
31,Cliente Sintético 0031,cliente0031@example.com,2024-03-14
32,Cliente Sintético 0032,cliente0032@example.com,2024-07-17
33,Cliente Sintético 0033,cliente0033@example.com,2024-02-17
34,Cliente Sintético 0034,cliente0034@example.com,2024-08-15
35,Cliente Sintético 0035,cliente0035@example.com,2024-04-18
36,Cliente Sintético 0036,cliente0036@example.com,2024-10-04
37,Cliente Sintético 0037,cliente0037@example.com,2024-03-19
38,Cliente Sintético 0038,cliente0038@example.com,2024-06-08
39,Cliente Sintético 0039,cliente0039@example.com,2024-08-19
40,Cliente Sintético 0040,cliente0040@example.com,2024-05-22
41,Cliente Sintético 0041,cliente0041@example.com,2024-07-10
42,Cliente Sintético 0042,cliente0042@example.com,2024-04-30
43,Cliente Sintético 0043,cliente0043@example.com,2024-03-24
44,Cliente Sintético 0044,cliente0044@example.com,2024-01-13
45,Cliente Sintético 0045,cliente0045@example.com,2024-07-29
46,Cliente Sintético 0046,cliente0046@example.com,2024-10-02
47,Cliente Sintético 0047,cliente0047@example.com,2024-06-04
48,Cliente Sintético 0048,cliente0048@example.com,2024-09-09
49,Cliente Sintético 0049,cliente0049@example.com,2024-05-29
50,Cliente Sintético 0050,cliente0050@example.com,2024-01-09
51,Cliente Sintético 0051,cliente0051@example.com,2024-08-11
52,Cliente Sintético 0052,cliente0052@example.com,2024-08-01
53,Cliente Sintético 0053,cliente0053@example.com,2024-04-02
54,Cliente Sintético 0054,cliente0054@example.com,2024-03-19
55,Cliente Sintético 0055,cliente0055@example.com,2024-03-21
56,Cliente Sintético 0056,cliente0056@example.com,2024-04-05
57,Cliente Sintético 0057,cliente0057@example.com,2024-01-11
58,Cliente Sintético 0058,cliente0058@example.com,2024-08-26
59,Cliente Sintético 0059,cliente0059@example.com,2024-11-28
60,Cliente Sintético 0060,cliente0060@example.com,2024-01-26
61,Cliente Sintético 0061,cliente0061@example.com,2024-12-28
62,Cliente Sintético 0062,cliente0062@example.com,2024-08-01
63,Cliente Sintético 0063,cliente0063@example.com,2024-01-30
64,Cliente Sintético 0064,cliente0064@example.com,2024-01-12
65,Cliente Sintético 0065,cliente0065@example.com,2024-03-30
66,Cliente Sintético 0066,cliente0066@example.com,2024-01-14
67,Cliente Sintético 0067,cliente0067@example.com,2024-12-24
68,Cliente Sintético 0068,cliente0068@example.com,2024-10-03
69,Cliente Sintético 0069,cliente0069@example.com,2024-03-07
70,Cliente Sintético 0070,cliente0070@example.com,2024-10-31
71,Cliente Sintético 0071,cliente0071@example.com,2024-03-15
72,Cliente Sintético 0072,cliente0072@example.com,2024-03-22
73,Cliente Sintético 0073,cliente0073@example.com,2024-11-27
74,Cliente Sintético 0074,cliente0074@example.com,2024-07-01
75,Cliente Sintético 0075,cliente0075@example.com,2024-05-22
76,Cliente Sintético 0076,cliente0076@example.com,2024-12-15
77,Cliente Sintético 0077,cliente0077@example.com,2024-03-23
78,Cliente Sintético 0078,cliente0078@example.com,2024-06-20
79,Cliente Sintético 0079,cliente0079@example.com,2024-08-30
80,Cliente Sintético 0080,cliente0080@example.com,2024-06-07
81,Cliente Sintético 0081,cliente0081@example.com,2024-03-29
82,Cliente Sintético 0082,cliente0082@example.com,2024-03-20
83,Cliente Sintético 0083,cliente0083@example.com,2024-06-20
84,Cliente Sintético 0084,cliente0084@example.com,2024-07-26
85,Cliente Sintético 0085,cliente0085@example.com,2024-03-19
86,Cliente Sintético 0086,cliente0086@example.com,2024-03-17
87,Cliente Sintético 0087,cliente0087@example.com,2024-12-12
88,Cliente Sintético 0088,cliente0088@example.com,2024-04-07
89,Cliente Sintético 0089,cliente0089@example.com,2024-10-04
90,Cliente Sintético 0090,cliente0090@example.com,2024-09-02
91,Cliente Sintético 0091,cliente0091@example.com,2024-12-04
92,Cliente Sintético 0092,cliente0092@example.com,2024-09-16
93,Cliente Sintético 0093,cliente0093@example.com,2024-10-19
94,Cliente Sintético 0094,cliente0094@example.com,2024-04-22
95,Cliente Sintético 0095,cliente0095@example.com,2024-10-26
96,Cliente Sintético 0096,cliente0096@example.com,2024-02-01
97,Cliente Sintético 0097,cliente0097@example.com,2024-04-17
98,Cliente Sintético 0098,cliente0098@example.com,2024-03-08
99,Cliente Sintético 0099,cliente0099@example.com,2024-11-13
100,Cliente Sintético 0100,cliente0100@example.com,2024-04-05
101,Cliente Sintético 0101,cliente0101@example.com,2024-05-26
102,Cliente Sintético 0102,cliente0102@example.com,2024-04-15
103,Cliente Sintético 0103,cliente0103@example.com,2024-05-23
104,Cliente Sintético 0104,cliente0104@example.com,2024-11-18
105,Cliente Sintético 0105,cliente0105@example.com,2024-03-30
106,Cliente Sintético 0106,cliente0106@example.com,2024-08-05
107,Cliente Sintético 0107,cliente0107@example.com,2024-07-23
108,Cliente Sintético 0108,cliente0108@example.com,2024-06-09
109,Cliente Sintético 0109,cliente0109@example.com,2024-07-28
110,Cliente Sintético 0110,cliente0110@example.com,2024-09-29
111,Cliente Sintético 0111,cliente0111@example.com,2024-02-23
112,Cliente Sintético 0112,cliente0112@example.com,2024-06-16
113,Cliente Sintético 0113,cliente0113@example.com,2024-01-22
114,Cliente Sintético 0114,cliente0114@example.com,2024-08-14
115,Cliente Sintético 0115,cliente0115@example.com,2024-07-23
116,Cliente Sintético 0116,cliente0116@example.com,2024-05-15
117,Cliente Sintético 0117,cliente0117@example.com,2024-06-02
118,Cliente Sintético 0118,cliente0118@example.com,2024-07-31
119,Cliente Sintético 0119,cliente0119@example.com,2024-08-12
120,Cliente Sintético 0120,cliente0120@example.com,2024-07-20
121,Cliente Sintético 0121,cliente0121@example.com,2024-01-03
122,Cliente Sintético 0122,cliente0122@example.com,2024-02-25
123,Cliente Sintético 0123,cliente0123@example.com,2024-03-18
124,Cliente Sintético 0124,cliente0124@example.com,2024-09-07
125,Cliente Sintético 0125,cliente0125@example.com,2024-11-22
126,Cliente Sintético 0126,cliente0126@example.com,2024-04-23
127,Cliente Sintético 0127,cliente0127@example.com,2024-05-17
128,Cliente Sintético 0128,cliente0128@example.com,2024-11-17
129,Cliente Sintético 0129,cliente0129@example.com,2024-06-25
130,Cliente Sintético 0130,cliente0130@example.com,2024-12-28
131,Cliente Sintético 0131,cliente0131@example.com,2024-12-25
132,Cliente Sintético 0132,cliente0132@example.com,2024-02-03
133,Cliente Sintético 0133,cliente0133@example.com,2024-06-07
134,Cliente Sintético 0134,cliente0134@example.com,2024-03-24
135,Cliente Sintético 0135,cliente0135@example.com,2024-04-20
136,Cliente Sintético 0136,cliente0136@example.com,2024-04-16
137,Cliente Sintético 0137,cliente0137@example.com,2024-12-30
138,Cliente Sintético 0138,cliente0138@example.com,2024-11-04
139,Cliente Sintético 0139,cliente0139@example.com,2024-10-06
140,Cliente Sintético 0140,cliente0140@example.com,2024-05-05
141,Cliente Sintético 0141,cliente0141@example.com,2024-08-14
142,Cliente Sintético 0142,cliente0142@example.com,2024-03-24
143,Cliente Sintético 0143,cliente0143@example.com,2024-05-13
144,Cliente Sintético 0144,cliente0144@example.com,2024-12-31
145,Cliente Sintético 0145,cliente0145@example.com,2024-09-12
146,Cliente Sintético 0146,cliente0146@example.com,2024-06-10
147,Cliente Sintético 0147,cliente0147@example.com,2024-06-06
148,Cliente Sintético 0148,cliente0148@example.com,2024-08-24
149,Cliente Sintético 0149,cliente0149@example.com,2024-06-27
150,Cliente Sintético 0150,cliente0150@example.com,2024-10-19
151,Cliente Sintético 0151,cliente0151@example.com,2024-08-21
152,Cliente Sintético 0152,cliente0152@example.com,2024-07-19
153,Cliente Sintético 0153,cliente0153@example.com,2024-10-26
154,Cliente Sintético 0154,cliente0154@example.com,2024-06-25
155,Cliente Sintético 0155,cliente0155@example.com,2024-10-23
156,Cliente Sintético 0156,cliente0156@example.com,2024-05-23
157,Cliente Sintético 0157,cliente0157@example.com,2024-06-11
158,Cliente Sintético 0158,cliente0158@example.com,2024-09-14
159,Cliente Sintético 0159,cliente0159@example.com,2024-12-06
160,Cliente Sintético 0160,cliente0160@example.com,2024-10-25
161,Cliente Sintético 0161,cliente0161@example.com,2024-03-16
162,Cliente Sintético 0162,cliente0162@example.com,2024-01-15
163,Cliente Sintético 0163,cliente0163@example.com,2024-10-30
164,Cliente Sintético 0164,cliente0164@example.com,2024-09-04
165,Cliente Sintético 0165,cliente0165@example.com,2024-06-30
166,Cliente Sintético 0166,cliente0166@example.com,2024-09-03
167,Cliente Sintético 0167,cliente0167@example.com,2024-02-09
168,Cliente Sintético 0168,cliente0168@example.com,2024-09-16
169,Cliente Sintético 0169,cliente0169@example.com,2024-09-29
170,Cliente Sintético 0170,cliente0170@example.com,2024-05-24
171,Cliente Sintético 0171,cliente0171@example.com,2024-01-10
172,Cliente Sintético 0172,cliente0172@example.com,2024-03-14
173,Cliente Sintético 0173,cliente0173@example.com,2024-09-05
174,Cliente Sintético 0174,cliente0174@example.com,2024-12-15
175,Cliente Sintético 0175,cliente0175@example.com,2024-09-28
176,Cliente Sintético 0176,cliente0176@example.com,2024-02-29
177,Cliente Sintético 0177,cliente0177@example.com,2024-12-29
178,Cliente Sintético 0178,cliente0178@example.com,2024-03-16
179,Cliente Sintético 0179,cliente0179@example.com,2024-12-15
180,Cliente Sintético 0180,cliente0180@example.com,2024-07-28
181,Cliente Sintético 0181,cliente0181@example.com,2024-04-01
182,Cliente Sintético 0182,cliente0182@example.com,2024-01-07
183,Cliente Sintético 0183,cliente0183@example.com,2024-12-25
184,Cliente Sintético 0184,cliente0184@example.com,2024-05-14
185,Cliente Sintético 0185,cliente0185@example.com,2024-05-11
186,Cliente Sintético 0186,cliente0186@example.com,2024-03-14
187,Cliente Sintético 0187,cliente0187@example.com,2024-10-25
188,Cliente Sintético 0188,cliente0188@example.com,2024-04-16
189,Cliente Sintético 0189,cliente0189@example.com,2024-03-24
190,Cliente Sintético 0190,cliente0190@example.com,2024-07-01
191,Cliente Sintético 0191,cliente0191@example.com,2024-12-16
192,Cliente Sintético 0192,cliente0192@example.com,2024-04-01
193,Cliente Sintético 0193,cliente0193@example.com,2024-10-19
194,Cliente Sintético 0194,cliente0194@example.com,2024-03-13
195,Cliente Sintético 0195,cliente0195@example.com,2024-05-26
196,Cliente Sintético 0196,cliente0196@example.com,2024-10-12
197,Cliente Sintético 0197,cliente0197@example.com,2024-11-05
198,Cliente Sintético 0198,cliente0198@example.com,2024-02-28
199,Cliente Sintético 0199,cliente0199@example.com,2024-03-16
200,Cliente Sintético 0200,cliente0200@example.com,2024-07-09
201,Cliente Sintético 0201,cliente0201@example.com,2024-06-05
202,Cliente Sintético 0202,cliente0202@example.com,2024-08-12
203,Cliente Sintético 0203,cliente0203@example.com,2024-04-28
204,Cliente Sintético 0204,cliente0204@example.com,2024-08-29
205,Cliente Sintético 0205,cliente0205@example.com,2024-09-01
206,Cliente Sintético 0206,cliente0206@example.com,2024-07-25
207,Cliente Sintético 0207,cliente0207@example.com,2024-12-27
208,Cliente Sintético 0208,cliente0208@example.com,2024-12-05
209,Cliente Sintético 0209,cliente0209@example.com,2024-10-11
210,Cliente Sintético 0210,cliente0210@example.com,2024-03-02
211,Cliente Sintético 0211,cliente0211@example.com,2024-01-24
212,Cliente Sintético 0212,cliente0212@example.com,2024-02-05
213,Cliente Sintético 0213,cliente0213@example.com,2024-01-11
214,Cliente Sintético 0214,cliente0214@example.com,2024-08-21
215,Cliente Sintético 0215,cliente0215@example.com,2024-05-13
216,Cliente Sintético 0216,cliente0216@example.com,2024-08-19
217,Cliente Sintético 0217,cliente0217@example.com,2024-07-14
218,Cliente Sintético 0218,cliente0218@example.com,2024-01-23
219,Cliente Sintético 0219,cliente0219@example.com,2024-04-11
220,Cliente Sintético 0220,cliente0220@example.com,2024-06-27
221,Cliente Sintético 0221,cliente0221@example.com,2024-04-22
222,Cliente Sintético 0222,cliente0222@example.com,2024-01-03
223,Cliente Sintético 0223,cliente0223@example.com,2024-04-12
224,Cliente Sintético 0224,cliente0224@example.com,2024-03-20
225,Cliente Sintético 0225,cliente0225@example.com,2024-09-25
226,Cliente Sintético 0226,cliente0226@example.com,2024-05-07
227,Cliente Sintético 0227,cliente0227@example.com,2024-10-28
228,Cliente Sintético 0228,cliente0228@example.com,2024-09-30
229,Cliente Sintético 0229,cliente0229@example.com,2024-10-13
230,Cliente Sintético 0230,cliente0230@example.com,2024-11-18
231,Cliente Sintético 0231,cliente0231@example.com,2024-07-21
232,Cliente Sintético 0232,cliente0232@example.com,2024-11-01
233,Cliente Sintético 0233,cliente0233@example.com,2024-06-30
234,Cliente Sintético 0234,cliente0234@example.com,2024-11-05
235,Cliente Sintético 0235,cliente0235@example.com,2024-05-03
236,Cliente Sintético 0236,cliente0236@example.com,2024-12-11
237,Cliente Sintético 0237,cliente0237@example.com,2024-03-15
238,Cliente Sintético 0238,cliente0238@example.com,2024-06-12
239,Cliente Sintético 0239,cliente0239@example.com,2024-07-22
240,Cliente Sintético 0240,cliente0240@example.com,2024-01-27
241,Cliente Sintético 0241,cliente0241@example.com,2024-11-08
242,Cliente Sintético 0242,cliente0242@example.com,2024-12-30
243,Cliente Sintético 0243,cliente0243@example.com,2024-07-06
244,Cliente Sintético 0244,cliente0244@example.com,2024-03-12
245,Cliente Sintético 0245,cliente0245@example.com,2024-01-12
246,Cliente Sintético 0246,cliente0246@example.com,2024-10-09
247,Cliente Sintético 0247,cliente0247@example.com,2024-02-03
248,Cliente Sintético 0248,cliente0248@example.com,2024-02-24
249,Cliente Sintético 0249,cliente0249@example.com,2024-03-02
250,Cliente Sintético 0250,cliente0250@example.com,2024-04-08
251,Cliente Sintético 0251,cliente0251@example.com,2024-04-05
252,Cliente Sintético 0252,cliente0252@example.com,2024-07-20
253,Cliente Sintético 0253,cliente0253@example.com,2024-08-02
254,Cliente Sintético 0254,cliente0254@example.com,2024-09-17
255,Cliente Sintético 0255,cliente0255@example.com,2024-12-28
256,Cliente Sintético 0256,cliente0256@example.com,2024-06-18
257,Cliente Sintético 0257,cliente0257@example.com,2024-12-15
258,Cliente Sintético 0258,cliente0258@example.com,2024-07-27
259,Cliente Sintético 0259,cliente0259@example.com,2024-12-02
260,Cliente Sintético 0260,cliente0260@example.com,2024-11-23
261,Cliente Sintético 0261,cliente0261@example.com,2024-02-01
262,Cliente Sintético 0262,cliente0262@example.com,2024-10-08
263,Cliente Sintético 0263,cliente0263@example.com,2024-10-18
264,Cliente Sintético 0264,cliente0264@example.com,2024-01-18
265,Cliente Sintético 0265,cliente0265@example.com,2024-01-04
266,Cliente Sintético 0266,cliente0266@example.com,2024-02-20
267,Cliente Sintético 0267,cliente0267@example.com,2024-05-13
268,Cliente Sintético 0268,cliente0268@example.com,2024-05-13
269,Cliente Sintético 0269,cliente0269@example.com,2024-02-09
270,Cliente Sintético 0270,cliente0270@example.com,2024-06-20
271,Cliente Sintético 0271,cliente0271@example.com,2024-07-23
272,Cliente Sintético 0272,cliente0272@example.com,2024-04-05
273,Cliente Sintético 0273,cliente0273@example.com,2024-07-09
274,Cliente Sintético 0274,cliente0274@example.com,2024-07-14
275,Cliente Sintético 0275,cliente0275@example.com,2024-07-31
276,Cliente Sintético 0276,cliente0276@example.com,2024-11-16
277,Cliente Sintético 0277,cliente0277@example.com,2024-12-13
278,Cliente Sintético 0278,cliente0278@example.com,2024-12-30
279,Cliente Sintético 0279,cliente0279@example.com,2024-12-31
280,Cliente Sintético 0280,cliente0280@example.com,2024-07-08
281,Cliente Sintético 0281,cliente0281@example.com,2024-12-02
282,Cliente Sintético 0282,cliente0282@example.com,2024-01-04
283,Cliente Sintético 0283,cliente0283@example.com,2024-12-13
284,Cliente Sintético 0284,cliente0284@example.com,2024-01-06
285,Cliente Sintético 0285,cliente0285@example.com,2024-09-09
286,Cliente Sintético 0286,cliente0286@example.com,2024-02-12
287,Cliente Sintético 0287,cliente0287@example.com,2024-04-05
288,Cliente Sintético 0288,cliente0288@example.com,2024-09-15
289,Cliente Sintético 0289,cliente0289@example.com,2024-09-18
290,Cliente Sintético 0290,cliente0290@example.com,2024-07-02
291,Cliente Sintético 0291,cliente0291@example.com,2024-11-28
292,Cliente Sintético 0292,cliente0292@example.com,2024-07-24
293,Cliente Sintético 0293,cliente0293@example.com,2024-01-16
294,Cliente Sintético 0294,cliente0294@example.com,2024-12-07
295,Cliente Sintético 0295,cliente0295@example.com,2024-07-01
296,Cliente Sintético 0296,cliente0296@example.com,2024-07-28
297,Cliente Sintético 0297,cliente0297@example.com,2024-12-26
298,Cliente Sintético 0298,cliente0298@example.com,2024-12-01
299,Cliente Sintético 0299,cliente0299@example.com,2024-07-24
300,Cliente Sintético 0300,cliente0300@example.com,2024-02-12
301,Cliente Sintético 0301,cliente0301@example.com,2024-03-11
302,Cliente Sintético 0302,cliente0302@example.com,2024-07-25
303,Cliente Sintético 0303,cliente0303@example.com,2024-09-15
304,Cliente Sintético 0304,cliente0304@example.com,2024-02-06
305,Cliente Sintético 0305,cliente0305@example.com,2024-03-26
306,Cliente Sintético 0306,cliente0306@example.com,2024-09-01
307,Cliente Sintético 0307,cliente0307@example.com,2024-04-02
308,Cliente Sintético 0308,cliente0308@example.com,2024-05-16
309,Cliente Sintético 0309,cliente0309@example.com,2024-02-16
310,Cliente Sintético 0310,cliente0310@example.com,2024-11-26
311,Cliente Sintético 0311,cliente0311@example.com,2024-11-22
312,Cliente Sintético 0312,cliente0312@example.com,2024-07-05
313,Cliente Sintético 0313,cliente0313@example.com,2024-02-09
314,Cliente Sintético 0314,cliente0314@example.com,2024-02-16
315,Cliente Sintético 0315,cliente0315@example.com,2024-05-20
316,Cliente Sintético 0316,cliente0316@example.com,2024-03-03
317,Cliente Sintético 0317,cliente0317@example.com,2024-06-09
318,Cliente Sintético 0318,cliente0318@example.com,2024-12-27
319,Cliente Sintético 0319,cliente0319@example.com,2024-05-20
320,Cliente Sintético 0320,cliente0320@example.com,2024-08-22
321,Cliente Sintético 0321,cliente0321@example.com,2024-05-26
322,Cliente Sintético 0322,cliente0322@example.com,2024-08-14
323,Cliente Sintético 0323,cliente0323@example.com,2024-03-09
324,Cliente Sintético 0324,cliente0324@example.com,2024-10-29
325,Cliente Sintético 0325,cliente0325@example.com,2024-02-26
326,Cliente Sintético 0326,cliente0326@example.com,2024-07-05
327,Cliente Sintético 0327,cliente0327@example.com,2024-01-12
328,Cliente Sintético 0328,cliente0328@example.com,2024-11-23
329,Cliente Sintético 0329,cliente0329@example.com,2024-09-06
330,Cliente Sintético 0330,cliente0330@example.com,2024-07-31
331,Cliente Sintético 0331,cliente0331@example.com,2024-08-12
332,Cliente Sintético 0332,cliente0332@example.com,2024-03-20
333,Cliente Sintético 0333,cliente0333@example.com,2024-11-12
334,Cliente Sintético 0334,cliente0334@example.com,2024-01-06
335,Cliente Sintético 0335,cliente0335@example.com,2024-10-25
336,Cliente Sintético 0336,cliente0336@example.com,2024-08-12
337,Cliente Sintético 0337,cliente0337@example.com,2024-04-08
338,Cliente Sintético 0338,cliente0338@example.com,2024-06-15
339,Cliente Sintético 0339,cliente0339@example.com,2024-09-20
340,Cliente Sintético 0340,cliente0340@example.com,2024-05-21
341,Cliente Sintético 0341,cliente0341@example.com,2024-03-27
342,Cliente Sintético 0342,cliente0342@example.com,2024-09-01
343,Cliente Sintético 0343,cliente0343@example.com,2024-01-14
344,Cliente Sintético 0344,cliente0344@example.com,2024-12-20
345,Cliente Sintético 0345,cliente0345@example.com,2024-11-26
346,Cliente Sintético 0346,cliente0346@example.com,2024-01-15
347,Cliente Sintético 0347,cliente0347@example.com,2024-01-06
348,Cliente Sintético 0348,cliente0348@example.com,2024-10-09
349,Cliente Sintético 0349,cliente0349@example.com,2024-08-15
350,Cliente Sintético 0350,cliente0350@example.com,2024-09-10
351,Cliente Sintético 0351,cliente0351@example.com,2024-11-30
352,Cliente Sintético 0352,cliente0352@example.com,2024-06-02
353,Cliente Sintético 0353,cliente0353@example.com,2024-05-12
354,Cliente Sintético 0354,cliente0354@example.com,2024-04-12
355,Cliente Sintético 0355,cliente0355@example.com,2024-07-29
356,Cliente Sintético 0356,cliente0356@example.com,2024-09-26
357,Cliente Sintético 0357,cliente0357@example.com,2024-04-22
358,Cliente Sintético 0358,cliente0358@example.com,2024-02-29
359,Cliente Sintético 0359,cliente0359@example.com,2024-03-04
360,Cliente Sintético 0360,cliente0360@example.com,2024-09-17
361,Cliente Sintético 0361,cliente0361@example.com,2024-03-04
362,Cliente Sintético 0362,cliente0362@example.com,2024-09-11
363,Cliente Sintético 0363,cliente0363@example.com,2024-12-22
364,Cliente Sintético 0364,cliente0364@example.com,2024-04-22
365,Cliente Sintético 0365,cliente0365@example.com,2024-06-25
366,Cliente Sintético 0366,cliente0366@example.com,2024-03-14
367,Cliente Sintético 0367,cliente0367@example.com,2024-09-02
368,Cliente Sintético 0368,cliente0368@example.com,2024-04-07
369,Cliente Sintético 0369,cliente0369@example.com,2024-06-09
370,Cliente Sintético 0370,cliente0370@example.com,2024-10-20
371,Cliente Sintético 0371,cliente0371@example.com,2024-11-03
372,Cliente Sintético 0372,cliente0372@example.com,2024-06-29
373,Cliente Sintético 0373,cliente0373@example.com,2024-03-27
374,Cliente Sintético 0374,cliente0374@example.com,2024-09-07
375,Cliente Sintético 0375,cliente0375@example.com,2024-03-11
376,Cliente Sintético 0376,cliente0376@example.com,2024-02-07
377,Cliente Sintético 0377,cliente0377@example.com,2024-03-25
378,Cliente Sintético 0378,cliente0378@example.com,2024-01-24
379,Cliente Sintético 0379,cliente0379@example.com,2024-06-10
380,Cliente Sintético 0380,cliente0380@example.com,2024-07-04
381,Cliente Sintético 0381,cliente0381@example.com,2024-02-18
382,Cliente Sintético 0382,cliente0382@example.com,2024-10-13
383,Cliente Sintético 0383,cliente0383@example.com,2024-09-19
384,Cliente Sintético 0384,cliente0384@example.com,2024-08-28
385,Cliente Sintético 0385,cliente0385@example.com,2024-10-16
386,Cliente Sintético 0386,cliente0386@example.com,2024-12-31
387,Cliente Sintético 0387,cliente0387@example.com,2024-05-07
388,Cliente Sintético 0388,cliente0388@example.com,2024-12-08
389,Cliente Sintético 0389,cliente0389@example.com,2024-07-03
390,Cliente Sintético 0390,cliente0390@example.com,2024-05-18
391,Cliente Sintético 0391,cliente0391@example.com,2024-06-04
392,Cliente Sintético 0392,cliente0392@example.com,2024-11-28
393,Cliente Sintético 0393,cliente0393@example.com,2024-12-05
394,Cliente Sintético 0394,cliente0394@example.com,2024-02-05
395,Cliente Sintético 0395,cliente0395@example.com,2024-12-29
396,Cliente Sintético 0396,cliente0396@example.com,2024-10-20
397,Cliente Sintético 0397,cliente0397@example.com,2024-11-15
398,Cliente Sintético 0398,cliente0398@example.com,2024-01-04
399,Cliente Sintético 0399,cliente0399@example.com,2024-02-19
400,Cliente Sintético 0400,cliente0400@example.com,2024-04-09
401,Cliente Sintético 0401,cliente0401@example.com,2024-04-07
402,Cliente Sintético 0402,cliente0402@example.com,2024-07-10
403,Cliente Sintético 0403,cliente0403@example.com,2024-10-23
404,Cliente Sintético 0404,cliente0404@example.com,2024-01-18
405,Cliente Sintético 0405,cliente0405@example.com,2024-04-19
406,Cliente Sintético 0406,cliente0406@example.com,2024-08-29
407,Cliente Sintético 0407,cliente0407@example.com,2024-09-03
408,Cliente Sintético 0408,cliente0408@example.com,2024-09-17
409,Cliente Sintético 0409,cliente0409@example.com,2024-01-30
410,Cliente Sintético 0410,cliente0410@example.com,2024-08-14
411,Cliente Sintético 0411,cliente0411@example.com,2024-11-06
412,Cliente Sintético 0412,cliente0412@example.com,2024-05-17
413,Cliente Sintético 0413,cliente0413@example.com,2024-04-17
414,Cliente Sintético 0414,cliente0414@example.com,2024-09-25
415,Cliente Sintético 0415,cliente0415@example.com,2024-06-25
416,Cliente Sintético 0416,cliente0416@example.com,2024-05-22
417,Cliente Sintético 0417,cliente0417@example.com,2024-08-07
418,Cliente Sintético 0418,cliente0418@example.com,2024-02-15
419,Cliente Sintético 0419,cliente0419@example.com,2024-03-21
420,Cliente Sintético 0420,cliente0420@example.com,2024-03-07
421,Cliente Sintético 0421,cliente0421@example.com,2024-06-24
422,Cliente Sintético 0422,cliente0422@example.com,2024-04-06
423,Cliente Sintético 0423,cliente0423@example.com,2024-04-26
424,Cliente Sintético 0424,cliente0424@example.com,2024-07-03
425,Cliente Sintético 0425,cliente0425@example.com,2024-06-23
426,Cliente Sintético 0426,cliente0426@example.com,2024-07-16
427,Cliente Sintético 0427,cliente0427@example.com,2024-05-31
428,Cliente Sintético 0428,cliente0428@example.com,2024-12-10
429,Cliente Sintético 0429,cliente0429@example.com,2024-03-16
430,Cliente Sintético 0430,cliente0430@example.com,2024-05-29
431,Cliente Sintético 0431,cliente0431@example.com,2024-04-05
432,Cliente Sintético 0432,cliente0432@example.com,2024-08-20
433,Cliente Sintético 0433,cliente0433@example.com,2024-01-13
434,Cliente Sintético 0434,cliente0434@example.com,2024-04-15
435,Cliente Sintético 0435,cliente0435@example.com,2024-07-28
436,Cliente Sintético 0436,cliente0436@example.com,2024-06-05
437,Cliente Sintético 0437,cliente0437@example.com,2024-03-17
438,Cliente Sintético 0438,cliente0438@example.com,2024-08-16
439,Cliente Sintético 0439,cliente0439@example.com,2024-03-29
440,Cliente Sintético 0440,cliente0440@example.com,2024-08-16
441,Cliente Sintético 0441,cliente0441@example.com,2024-09-01
442,Cliente Sintético 0442,cliente0442@example.com,2024-10-31
443,Cliente Sintético 0443,cliente0443@example.com,2024-04-16
444,Cliente Sintético 0444,cliente0444@example.com,2024-04-11
445,Cliente Sintético 0445,cliente0445@example.com,2024-01-27
446,Cliente Sintético 0446,cliente0446@example.com,2024-05-11
447,Cliente Sintético 0447,cliente0447@example.com,2024-04-17
448,Cliente Sintético 0448,cliente0448@example.com,2024-10-21
449,Cliente Sintético 0449,cliente0449@example.com,2024-01-02
450,Cliente Sintético 0450,cliente0450@example.com,2024-12-02
451,Cliente Sintético 0451,cliente0451@example.com,2024-05-13
452,Cliente Sintético 0452,cliente0452@example.com,2024-04-27
453,Cliente Sintético 0453,cliente0453@example.com,2024-03-23
454,Cliente Sintético 0454,cliente0454@example.com,2024-10-18
455,Cliente Sintético 0455,cliente0455@example.com,2024-02-27
456,Cliente Sintético 0456,cliente0456@example.com,2024-01-06
457,Cliente Sintético 0457,cliente0457@example.com,2024-05-20
458,Cliente Sintético 0458,cliente0458@example.com,2024-05-31
459,Cliente Sintético 0459,cliente0459@example.com,2024-08-02
460,Cliente Sintético 0460,cliente0460@example.com,2024-06-09
461,Cliente Sintético 0461,cliente0461@example.com,2024-02-10
462,Cliente Sintético 0462,cliente0462@example.com,2024-03-18
463,Cliente Sintético 0463,cliente0463@example.com,2024-09-25
464,Cliente Sintético 0464,cliente0464@example.com,2024-08-01
465,Cliente Sintético 0465,cliente0465@example.com,2024-07-06
466,Cliente Sintético 0466,cliente0466@example.com,2024-09-18
467,Cliente Sintético 0467,cliente0467@example.com,2024-04-27
468,Cliente Sintético 0468,cliente0468@example.com,2024-08-12
469,Cliente Sintético 0469,cliente0469@example.com,2024-11-05
470,Cliente Sintético 0470,cliente0470@example.com,2024-12-05
471,Cliente Sintético 0471,cliente0471@example.com,2024-12-11
472,Cliente Sintético 0472,cliente0472@example.com,2024-02-12
473,Cliente Sintético 0473,cliente0473@example.com,2024-04-21
474,Cliente Sintético 0474,cliente0474@example.com,2024-10-25
475,Cliente Sintético 0475,cliente0475@example.com,2024-11-28
476,Cliente Sintético 0476,cliente0476@example.com,2024-09-07
477,Cliente Sintético 0477,cliente0477@example.com,2024-11-30
478,Cliente Sintético 0478,cliente0478@example.com,2024-06-23
479,Cliente Sintético 0479,cliente0479@example.com,2024-06-04
480,Cliente Sintético 0480,cliente0480@example.com,2024-10-12
481,Cliente Sintético 0481,cliente0481@example.com,2024-10-08
482,Cliente Sintético 0482,cliente0482@example.com,2024-01-22
483,Cliente Sintético 0483,cliente0483@example.com,2024-03-19
484,Cliente Sintético 0484,cliente0484@example.com,2024-04-05
485,Cliente Sintético 0485,cliente0485@example.com,2024-02-13
486,Cliente Sintético 0486,cliente0486@example.com,2024-09-20
487,Cliente Sintético 0487,cliente0487@example.com,2024-07-18
488,Cliente Sintético 0488,cliente0488@example.com,2024-04-19
489,Cliente Sintético 0489,cliente0489@example.com,2024-01-28
490,Cliente Sintético 0490,cliente0490@example.com,2024-05-10
491,Cliente Sintético 0491,cliente0491@example.com,2024-05-22
492,Cliente Sintético 0492,cliente0492@example.com,2024-02-14
493,Cliente Sintético 0493,cliente0493@example.com,2024-04-26
494,Cliente Sintético 0494,cliente0494@example.com,2024-01-09
495,Cliente Sintético 0495,cliente0495@example.com,2024-04-25
496,Cliente Sintético 0496,cliente0496@example.com,2024-07-10
497,Cliente Sintético 0497,cliente0497@example.com,2024-02-17
498,Cliente Sintético 0498,cliente0498@example.com,2024-01-14
499,Cliente Sintético 0499,cliente0499@example.com,2024-01-20
500,Cliente Sintético 0500,cliente0500@example.com,2024-02-18
501,Cliente Sintético 0501,cliente0501@example.com,2024-12-28
502,Cliente Sintético 0502,cliente0502@example.com,2024-07-16
503,Cliente Sintético 0503,cliente0503@example.com,2024-09-29
504,Cliente Sintético 0504,cliente0504@example.com,2024-04-07
505,Cliente Sintético 0505,cliente0505@example.com,2024-01-06
506,Cliente Sintético 0506,cliente0506@example.com,2024-11-25
507,Cliente Sintético 0507,cliente0507@example.com,2024-10-20
508,Cliente Sintético 0508,cliente0508@example.com,2024-05-28
509,Cliente Sintético 0509,cliente0509@example.com,2024-07-13
510,Cliente Sintético 0510,cliente0510@example.com,2024-06-14
511,Cliente Sintético 0511,cliente0511@example.com,2024-03-29
512,Cliente Sintético 0512,cliente0512@example.com,2024-11-19
513,Cliente Sintético 0513,cliente0513@example.com,2024-06-28
514,Cliente Sintético 0514,cliente0514@example.com,2024-04-23
515,Cliente Sintético 0515,cliente0515@example.com,2024-02-25
516,Cliente Sintético 0516,cliente0516@example.com,2024-03-13
517,Cliente Sintético 0517,cliente0517@example.com,2024-07-23
518,Cliente Sintético 0518,cliente0518@example.com,2024-04-25
519,Cliente Sintético 0519,cliente0519@example.com,2024-11-03
520,Cliente Sintético 0520,cliente0520@example.com,2024-11-19
521,Cliente Sintético 0521,cliente0521@example.com,2024-07-27
522,Cliente Sintético 0522,cliente0522@example.com,2024-09-09
523,Cliente Sintético 0523,cliente0523@example.com,2024-11-15
524,Cliente Sintético 0524,cliente0524@example.com,2024-10-23
525,Cliente Sintético 0525,cliente0525@example.com,2024-06-17
526,Cliente Sintético 0526,cliente0526@example.com,2024-09-03
527,Cliente Sintético 0527,cliente0527@example.com,2024-07-06
528,Cliente Sintético 0528,cliente0528@example.com,2024-12-09
529,Cliente Sintético 0529,cliente0529@example.com,2024-02-20
530,Cliente Sintético 0530,cliente0530@example.com,2024-04-22
531,Cliente Sintético 0531,cliente0531@example.com,2024-12-02
532,Cliente Sintético 0532,cliente0532@example.com,2024-11-12
533,Cliente Sintético 0533,cliente0533@example.com,2024-06-16
534,Cliente Sintético 0534,cliente0534@example.com,2024-04-20
535,Cliente Sintético 0535,cliente0535@example.com,2024-07-01
536,Cliente Sintético 0536,cliente0536@example.com,2024-05-19
537,Cliente Sintético 0537,cliente0537@example.com,2024-01-10
538,Cliente Sintético 0538,cliente0538@example.com,2024-08-25
539,Cliente Sintético 0539,cliente0539@example.com,2024-11-14
540,Cliente Sintético 0540,cliente0540@example.com,2024-05-12
541,Cliente Sintético 0541,cliente0541@example.com,2024-08-21
542,Cliente Sintético 0542,cliente0542@example.com,2024-04-29
543,Cliente Sintético 0543,cliente0543@example.com,2024-07-22
544,Cliente Sintético 0544,cliente0544@example.com,2024-11-21
545,Cliente Sintético 0545,cliente0545@example.com,2024-02-25
546,Cliente Sintético 0546,cliente0546@example.com,2024-06-10
547,Cliente Sintético 0547,cliente0547@example.com,2024-02-09
548,Cliente Sintético 0548,cliente0548@example.com,2024-07-01
549,Cliente Sintético 0549,cliente0549@example.com,2024-01-29
550,Cliente Sintético 0550,cliente0550@example.com,2024-01-10
551,Cliente Sintético 0551,cliente0551@example.com,2024-03-01
552,Cliente Sintético 0552,cliente0552@example.com,2024-03-19
553,Cliente Sintético 0553,cliente0553@example.com,2024-03-07
554,Cliente Sintético 0554,cliente0554@example.com,2024-12-29
555,Cliente Sintético 0555,cliente0555@example.com,2024-01-22
556,Cliente Sintético 0556,cliente0556@example.com,2024-05-14
557,Cliente Sintético 0557,cliente0557@example.com,2024-10-28
558,Cliente Sintético 0558,cliente0558@example.com,2024-11-27
559,Cliente Sintético 0559,cliente0559@example.com,2024-09-14
560,Cliente Sintético 0560,cliente0560@example.com,2024-12-01
561,Cliente Sintético 0561,cliente0561@example.com,2024-06-16
562,Cliente Sintético 0562,cliente0562@example.com,2024-10-05
563,Cliente Sintético 0563,cliente0563@example.com,2024-01-07
564,Cliente Sintético 0564,cliente0564@example.com,2024-01-14
565,Cliente Sintético 0565,cliente0565@example.com,2024-02-20
566,Cliente Sintético 0566,cliente0566@example.com,2024-02-28
567,Cliente Sintético 0567,cliente0567@example.com,2024-04-05
568,Cliente Sintético 0568,cliente0568@example.com,2024-05-13
569,Cliente Sintético 0569,cliente0569@example.com,2024-03-06
570,Cliente Sintético 0570,cliente0570@example.com,2024-09-13
571,Cliente Sintético 0571,cliente0571@example.com,2024-12-11
572,Cliente Sintético 0572,cliente0572@example.com,2024-11-16
573,Cliente Sintético 0573,cliente0573@example.com,2024-05-14
574,Cliente Sintético 0574,cliente0574@example.com,2024-01-25
575,Cliente Sintético 0575,cliente0575@example.com,2024-03-31
576,Cliente Sintético 0576,cliente0576@example.com,2024-01-17
577,Cliente Sintético 0577,cliente0577@example.com,2024-05-01
578,Cliente Sintético 0578,cliente0578@example.com,2024-08-16
579,Cliente Sintético 0579,cliente0579@example.com,2024-04-20
580,Cliente Sintético 0580,cliente0580@example.com,2024-08-18
581,Cliente Sintético 0581,cliente0581@example.com,2024-09-26
582,Cliente Sintético 0582,cliente0582@example.com,2024-01-17
583,Cliente Sintético 0583,cliente0583@example.com,2024-08-04
584,Cliente Sintético 0584,cliente0584@example.com,2024-12-14
585,Cliente Sintético 0585,cliente0585@example.com,2024-10-20
586,Cliente Sintético 0586,cliente0586@example.com,2024-08-11
587,Cliente Sintético 0587,cliente0587@example.com,2024-04-21
588,Cliente Sintético 0588,cliente0588@example.com,2024-07-31
589,Cliente Sintético 0589,cliente0589@example.com,2024-01-23
590,Cliente Sintético 0590,cliente0590@example.com,2024-06-21
591,Cliente Sintético 0591,cliente0591@example.com,2024-12-26
592,Cliente Sintético 0592,cliente0592@example.com,2024-12-29
593,Cliente Sintético 0593,cliente0593@example.com,2024-10-12
594,Cliente Sintético 0594,cliente0594@example.com,2024-07-12
595,Cliente Sintético 0595,cliente0595@example.com,2024-11-30
596,Cliente Sintético 0596,cliente0596@example.com,2024-10-12
597,Cliente Sintético 0597,cliente0597@example.com,2024-08-21
598,Cliente Sintético 0598,cliente0598@example.com,2024-09-21
599,Cliente Sintético 0599,cliente0599@example.com,2024-12-17
600,Cliente Sintético 0600,cliente0600@example.com,2024-02-08
601,Cliente Sintético 0601,cliente0601@example.com,2024-08-27
602,Cliente Sintético 0602,cliente0602@example.com,2024-07-22
603,Cliente Sintético 0603,cliente0603@example.com,2024-06-27
604,Cliente Sintético 0604,cliente0604@example.com,2024-10-05
605,Cliente Sintético 0605,cliente0605@example.com,2024-02-08
606,Cliente Sintético 0606,cliente0606@example.com,2024-06-05
607,Cliente Sintético 0607,cliente0607@example.com,2024-07-20
608,Cliente Sintético 0608,cliente0608@example.com,2024-06-03
609,Cliente Sintético 0609,cliente0609@example.com,2024-04-25
610,Cliente Sintético 0610,cliente0610@example.com,2024-11-24
611,Cliente Sintético 0611,cliente0611@example.com,2024-09-29
612,Cliente Sintético 0612,cliente0612@example.com,2024-02-14
613,Cliente Sintético 0613,cliente0613@example.com,2024-03-04
614,Cliente Sintético 0614,cliente0614@example.com,2024-12-14
615,Cliente Sintético 0615,cliente0615@example.com,2024-11-24
616,Cliente Sintético 0616,cliente0616@example.com,2024-08-27
617,Cliente Sintético 0617,cliente0617@example.com,2024-05-07
618,Cliente Sintético 0618,cliente0618@example.com,2024-12-31
619,Cliente Sintético 0619,cliente0619@example.com,2024-09-11
620,Cliente Sintético 0620,cliente0620@example.com,2024-07-24
621,Cliente Sintético 0621,cliente0621@example.com,2024-05-17
622,Cliente Sintético 0622,cliente0622@example.com,2024-12-18
623,Cliente Sintético 0623,cliente0623@example.com,2024-04-24
624,Cliente Sintético 0624,cliente0624@example.com,2024-02-01
625,Cliente Sintético 0625,cliente0625@example.com,2024-09-24
626,Cliente Sintético 0626,cliente0626@example.com,2024-10-09
627,Cliente Sintético 0627,cliente0627@example.com,2024-12-15
628,Cliente Sintético 0628,cliente0628@example.com,2024-09-03
629,Cliente Sintético 0629,cliente0629@example.com,2024-10-02
630,Cliente Sintético 0630,cliente0630@example.com,2024-08-12
631,Cliente Sintético 0631,cliente0631@example.com,2024-03-09
632,Cliente Sintético 0632,cliente0632@example.com,2024-07-03
633,Cliente Sintético 0633,cliente0633@example.com,2024-08-14
634,Cliente Sintético 0634,cliente0634@example.com,2024-08-25
635,Cliente Sintético 0635,cliente0635@example.com,2024-05-16
636,Cliente Sintético 0636,cliente0636@example.com,2024-06-07
637,Cliente Sintético 0637,cliente0637@example.com,2024-07-13
638,Cliente Sintético 0638,cliente0638@example.com,2024-03-09
639,Cliente Sintético 0639,cliente0639@example.com,2024-05-06
640,Cliente Sintético 0640,cliente0640@example.com,2024-08-07
641,Cliente Sintético 0641,cliente0641@example.com,2024-10-27
642,Cliente Sintético 0642,cliente0642@example.com,2024-10-06
643,Cliente Sintético 0643,cliente0643@example.com,2024-06-11
644,Cliente Sintético 0644,cliente0644@example.com,2024-12-03
645,Cliente Sintético 0645,cliente0645@example.com,2024-05-02
646,Cliente Sintético 0646,cliente0646@example.com,2024-05-13
647,Cliente Sintético 0647,cliente0647@example.com,2024-04-20
648,Cliente Sintético 0648,cliente0648@example.com,2024-04-11
649,Cliente Sintético 0649,cliente0649@example.com,2024-03-16
650,Cliente Sintético 0650,cliente0650@example.com,2024-01-24
651,Cliente Sintético 0651,cliente0651@example.com,2024-10-03
652,Cliente Sintético 0652,cliente0652@example.com,2024-02-21
653,Cliente Sintético 0653,cliente0653@example.com,2024-12-20
654,Cliente Sintético 0654,cliente0654@example.com,2024-03-13
655,Cliente Sintético 0655,cliente0655@example.com,2024-04-14
656,Cliente Sintético 0656,cliente0656@example.com,2024-01-10
657,Cliente Sintético 0657,cliente0657@example.com,2024-01-03
658,Cliente Sintético 0658,cliente0658@example.com,2024-07-31
659,Cliente Sintético 0659,cliente0659@example.com,2024-05-01
660,Cliente Sintético 0660,cliente0660@example.com,2024-05-11
661,Cliente Sintético 0661,cliente0661@example.com,2024-09-25
662,Cliente Sintético 0662,cliente0662@example.com,2024-07-03
663,Cliente Sintético 0663,cliente0663@example.com,2024-08-13
664,Cliente Sintético 0664,cliente0664@example.com,2024-11-16
665,Cliente Sintético 0665,cliente0665@example.com,2024-09-17
666,Cliente Sintético 0666,cliente0666@example.com,2024-07-15
667,Cliente Sintético 0667,cliente0667@example.com,2024-10-06
668,Cliente Sintético 0668,cliente0668@example.com,2024-03-15
669,Cliente Sintético 0669,cliente0669@example.com,2024-05-08
670,Cliente Sintético 0670,cliente0670@example.com,2024-10-24
671,Cliente Sintético 0671,cliente0671@example.com,2024-02-25
672,Cliente Sintético 0672,cliente0672@example.com,2024-07-12
673,Cliente Sintético 0673,cliente0673@example.com,2024-06-30
674,Cliente Sintético 0674,cliente0674@example.com,2024-05-05
675,Cliente Sintético 0675,cliente0675@example.com,2024-09-08
676,Cliente Sintético 0676,cliente0676@example.com,2024-06-14
677,Cliente Sintético 0677,cliente0677@example.com,2024-06-09
678,Cliente Sintético 0678,cliente0678@example.com,2024-05-13
679,Cliente Sintético 0679,cliente0679@example.com,2024-03-30
680,Cliente Sintético 0680,cliente0680@example.com,2024-06-06
681,Cliente Sintético 0681,cliente0681@example.com,2024-05-04
682,Cliente Sintético 0682,cliente0682@example.com,2024-01-07
683,Cliente Sintético 0683,cliente0683@example.com,2024-04-24
684,Cliente Sintético 0684,cliente0684@example.com,2024-10-09
685,Cliente Sintético 0685,cliente0685@example.com,2024-04-05
686,Cliente Sintético 0686,cliente0686@example.com,2024-02-28
687,Cliente Sintético 0687,cliente0687@example.com,2024-10-06
688,Cliente Sintético 0688,cliente0688@example.com,2024-11-19
689,Cliente Sintético 0689,cliente0689@example.com,2024-05-16
690,Cliente Sintético 0690,cliente0690@example.com,2024-11-05
691,Cliente Sintético 0691,cliente0691@example.com,2024-07-31
692,Cliente Sintético 0692,cliente0692@example.com,2024-08-09
693,Cliente Sintético 0693,cliente0693@example.com,2024-07-06
694,Cliente Sintético 0694,cliente0694@example.com,2024-04-10
695,Cliente Sintético 0695,cliente0695@example.com,2024-01-23
696,Cliente Sintético 0696,cliente0696@example.com,2024-01-13
697,Cliente Sintético 0697,cliente0697@example.com,2024-02-13
698,Cliente Sintético 0698,cliente0698@example.com,2024-12-29
699,Cliente Sintético 0699,cliente0699@example.com,2024-11-13
700,Cliente Sintético 0700,cliente0700@example.com,2024-04-23
701,Cliente Sintético 0701,cliente0701@example.com,2024-10-30
702,Cliente Sintético 0702,cliente0702@example.com,2024-05-29
703,Cliente Sintético 0703,cliente0703@example.com,2024-01-02
704,Cliente Sintético 0704,cliente0704@example.com,2024-12-31
705,Cliente Sintético 0705,cliente0705@example.com,2024-02-07
706,Cliente Sintético 0706,cliente0706@example.com,2024-03-18
707,Cliente Sintético 0707,cliente0707@example.com,2024-11-30
708,Cliente Sintético 0708,cliente0708@example.com,2024-10-21
709,Cliente Sintético 0709,cliente0709@example.com,2024-06-19
710,Cliente Sintético 0710,cliente0710@example.com,2024-05-02
711,Cliente Sintético 0711,cliente0711@example.com,2024-09-27
712,Cliente Sintético 0712,cliente0712@example.com,2024-01-20
713,Cliente Sintético 0713,cliente0713@example.com,2024-10-20
714,Cliente Sintético 0714,cliente0714@example.com,2024-10-16
715,Cliente Sintético 0715,cliente0715@example.com,2024-05-06
716,Cliente Sintético 0716,cliente0716@example.com,2024-03-22
717,Cliente Sintético 0717,cliente0717@example.com,2024-02-14
718,Cliente Sintético 0718,cliente0718@example.com,2024-04-08
719,Cliente Sintético 0719,cliente0719@example.com,2024-04-28
720,Cliente Sintético 0720,cliente0720@example.com,2024-04-29
721,Cliente Sintético 0721,cliente0721@example.com,2024-02-12
722,Cliente Sintético 0722,cliente0722@example.com,2024-04-01
723,Cliente Sintético 0723,cliente0723@example.com,2024-04-08
724,Cliente Sintético 0724,cliente0724@example.com,2024-09-22
725,Cliente Sintético 0725,cliente0725@example.com,2024-05-12
726,Cliente Sintético 0726,cliente0726@example.com,2024-03-11
727,Cliente Sintético 0727,cliente0727@example.com,2024-12-15
728,Cliente Sintético 0728,cliente0728@example.com,2024-08-13
729,Cliente Sintético 0729,cliente0729@example.com,2024-05-08
730,Cliente Sintético 0730,cliente0730@example.com,2024-05-08
731,Cliente Sintético 0731,cliente0731@example.com,2024-06-03
732,Cliente Sintético 0732,cliente0732@example.com,2024-02-05
733,Cliente Sintético 0733,cliente0733@example.com,2024-07-26
734,Cliente Sintético 0734,cliente0734@example.com,2024-09-01
735,Cliente Sintético 0735,cliente0735@example.com,2024-10-31
736,Cliente Sintético 0736,cliente0736@example.com,2024-08-20
737,Cliente Sintético 0737,cliente0737@example.com,2024-09-13
738,Cliente Sintético 0738,cliente0738@example.com,2024-08-31
739,Cliente Sintético 0739,cliente0739@example.com,2024-12-06
740,Cliente Sintético 0740,cliente0740@example.com,2024-07-28
741,Cliente Sintético 0741,cliente0741@example.com,2024-09-14
742,Cliente Sintético 0742,cliente0742@example.com,2024-06-04
743,Cliente Sintético 0743,cliente0743@example.com,2024-05-08
744,Cliente Sintético 0744,cliente0744@example.com,2024-01-21
745,Cliente Sintético 0745,cliente0745@example.com,2024-10-17
746,Cliente Sintético 0746,cliente0746@example.com,2024-12-13
747,Cliente Sintético 0747,cliente0747@example.com,2024-11-05
748,Cliente Sintético 0748,cliente0748@example.com,2024-02-19
749,Cliente Sintético 0749,cliente0749@example.com,2024-02-11
750,Cliente Sintético 0750,cliente0750@example.com,2024-06-27
751,Cliente Sintético 0751,cliente0751@example.com,2024-01-13
752,Cliente Sintético 0752,cliente0752@example.com,2024-04-21
753,Cliente Sintético 0753,cliente0753@example.com,2024-03-04
754,Cliente Sintético 0754,cliente0754@example.com,2024-02-24
755,Cliente Sintético 0755,cliente0755@example.com,2024-12-09
756,Cliente Sintético 0756,cliente0756@example.com,2024-06-13
757,Cliente Sintético 0757,cliente0757@example.com,2024-10-19
758,Cliente Sintético 0758,cliente0758@example.com,2024-11-03
759,Cliente Sintético 0759,cliente0759@example.com,2024-05-05
760,Cliente Sintético 0760,cliente0760@example.com,2024-03-25
761,Cliente Sintético 0761,cliente0761@example.com,2024-10-08
762,Cliente Sintético 0762,cliente0762@example.com,2024-01-17
763,Cliente Sintético 0763,cliente0763@example.com,2024-09-04
764,Cliente Sintético 0764,cliente0764@example.com,2024-06-06
765,Cliente Sintético 0765,cliente0765@example.com,2024-04-30
766,Cliente Sintético 0766,cliente0766@example.com,2024-06-06
767,Cliente Sintético 0767,cliente0767@example.com,2024-05-30
768,Cliente Sintético 0768,cliente0768@example.com,2024-06-20
769,Cliente Sintético 0769,cliente0769@example.com,2024-04-17
770,Cliente Sintético 0770,cliente0770@example.com,2024-10-09
771,Cliente Sintético 0771,cliente0771@example.com,2024-11-25
772,Cliente Sintético 0772,cliente0772@example.com,2024-03-19
773,Cliente Sintético 0773,cliente0773@example.com,2024-03-03
774,Cliente Sintético 0774,cliente0774@example.com,2024-07-27
775,Cliente Sintético 0775,cliente0775@example.com,2024-04-22
776,Cliente Sintético 0776,cliente0776@example.com,2024-05-14
777,Cliente Sintético 0777,cliente0777@example.com,2024-08-08
778,Cliente Sintético 0778,cliente0778@example.com,2024-01-13
779,Cliente Sintético 0779,cliente0779@example.com,2024-07-30
780,Cliente Sintético 0780,cliente0780@example.com,2024-10-27
781,Cliente Sintético 0781,cliente0781@example.com,2024-06-19
782,Cliente Sintético 0782,cliente0782@example.com,2024-12-27
783,Cliente Sintético 0783,cliente0783@example.com,2024-06-16
784,Cliente Sintético 0784,cliente0784@example.com,2024-01-07
785,Cliente Sintético 0785,cliente0785@example.com,2024-10-01
786,Cliente Sintético 0786,cliente0786@example.com,2024-05-20
787,Cliente Sintético 0787,cliente0787@example.com,2024-07-21
788,Cliente Sintético 0788,cliente0788@example.com,2024-03-20
789,Cliente Sintético 0789,cliente0789@example.com,2024-01-27
790,Cliente Sintético 0790,cliente0790@example.com,2024-12-22
791,Cliente Sintético 0791,cliente0791@example.com,2024-04-17
792,Cliente Sintético 0792,cliente0792@example.com,2024-12-26
793,Cliente Sintético 0793,cliente0793@example.com,2024-11-19
794,Cliente Sintético 0794,cliente0794@example.com,2024-02-17
795,Cliente Sintético 0795,cliente0795@example.com,2024-02-29
796,Cliente Sintético 0796,cliente0796@example.com,2024-06-13
797,Cliente Sintético 0797,cliente0797@example.com,2024-07-11
798,Cliente Sintético 0798,cliente0798@example.com,2024-03-01
799,Cliente Sintético 0799,cliente0799@example.com,2024-05-20
800,Cliente Sintético 0800,cliente0800@example.com,2024-02-20
801,Cliente Sintético 0801,cliente0801@example.com,2024-05-16
802,Cliente Sintético 0802,cliente0802@example.com,2024-01-14
803,Cliente Sintético 0803,cliente0803@example.com,2024-04-19
804,Cliente Sintético 0804,cliente0804@example.com,2024-08-08
805,Cliente Sintético 0805,cliente0805@example.com,2024-02-06
806,Cliente Sintético 0806,cliente0806@example.com,2024-03-28
807,Cliente Sintético 0807,cliente0807@example.com,2024-06-04
808,Cliente Sintético 0808,cliente0808@example.com,2024-10-18
809,Cliente Sintético 0809,cliente0809@example.com,2024-05-17
810,Cliente Sintético 0810,cliente0810@example.com,2024-10-01
811,Cliente Sintético 0811,cliente0811@example.com,2024-08-20
812,Cliente Sintético 0812,cliente0812@example.com,2024-12-02
813,Cliente Sintético 0813,cliente0813@example.com,2024-12-28
814,Cliente Sintético 0814,cliente0814@example.com,2024-01-05
815,Cliente Sintético 0815,cliente0815@example.com,2024-07-27
816,Cliente Sintético 0816,cliente0816@example.com,2024-11-24
817,Cliente Sintético 0817,cliente0817@example.com,2024-09-15
818,Cliente Sintético 0818,cliente0818@example.com,2024-07-01
819,Cliente Sintético 0819,cliente0819@example.com,2024-06-03
820,Cliente Sintético 0820,cliente0820@example.com,2024-08-07
821,Cliente Sintético 0821,cliente0821@example.com,2024-10-31
822,Cliente Sintético 0822,cliente0822@example.com,2024-06-20
823,Cliente Sintético 0823,cliente0823@example.com,2024-07-16
824,Cliente Sintético 0824,cliente0824@example.com,2024-11-21
825,Cliente Sintético 0825,cliente0825@example.com,2024-12-17
826,Cliente Sintético 0826,cliente0826@example.com,2024-09-12
827,Cliente Sintético 0827,cliente0827@example.com,2024-12-27
828,Cliente Sintético 0828,cliente0828@example.com,2024-01-17
829,Cliente Sintético 0829,cliente0829@example.com,2024-12-02
830,Cliente Sintético 0830,cliente0830@example.com,2024-09-23
831,Cliente Sintético 0831,cliente0831@example.com,2024-03-24
832,Cliente Sintético 0832,cliente0832@example.com,2024-04-10
833,Cliente Sintético 0833,cliente0833@example.com,2024-12-20
834,Cliente Sintético 0834,cliente0834@example.com,2024-02-21
835,Cliente Sintético 0835,cliente0835@example.com,2024-10-14
836,Cliente Sintético 0836,cliente0836@example.com,2024-07-18
837,Cliente Sintético 0837,cliente0837@example.com,2024-01-03
838,Cliente Sintético 0838,cliente0838@example.com,2024-08-24
839,Cliente Sintético 0839,cliente0839@example.com,2024-10-29
840,Cliente Sintético 0840,cliente0840@example.com,2024-12-11
841,Cliente Sintético 0841,cliente0841@example.com,2024-06-24
842,Cliente Sintético 0842,cliente0842@example.com,2024-05-12
843,Cliente Sintético 0843,cliente0843@example.com,2024-03-09
844,Cliente Sintético 0844,cliente0844@example.com,2024-08-05
845,Cliente Sintético 0845,cliente0845@example.com,2024-01-12
846,Cliente Sintético 0846,cliente0846@example.com,2024-12-08
847,Cliente Sintético 0847,cliente0847@example.com,2024-05-24
848,Cliente Sintético 0848,cliente0848@example.com,2024-11-19
849,Cliente Sintético 0849,cliente0849@example.com,2024-03-03
850,Cliente Sintético 0850,cliente0850@example.com,2024-08-09
851,Cliente Sintético 0851,cliente0851@example.com,2024-10-01
852,Cliente Sintético 0852,cliente0852@example.com,2024-08-03
853,Cliente Sintético 0853,cliente0853@example.com,2024-11-16
854,Cliente Sintético 0854,cliente0854@example.com,2024-03-17
855,Cliente Sintético 0855,cliente0855@example.com,2024-05-20
856,Cliente Sintético 0856,cliente0856@example.com,2024-07-25
857,Cliente Sintético 0857,cliente0857@example.com,2024-10-26
858,Cliente Sintético 0858,cliente0858@example.com,2024-08-26
859,Cliente Sintético 0859,cliente0859@example.com,2024-06-03
860,Cliente Sintético 0860,cliente0860@example.com,2024-11-07
861,Cliente Sintético 0861,cliente0861@example.com,2024-07-14
862,Cliente Sintético 0862,cliente0862@example.com,2024-11-01
863,Cliente Sintético 0863,cliente0863@example.com,2024-12-29
864,Cliente Sintético 0864,cliente0864@example.com,2024-10-04
865,Cliente Sintético 0865,cliente0865@example.com,2024-08-20
866,Cliente Sintético 0866,cliente0866@example.com,2024-09-28
867,Cliente Sintético 0867,cliente0867@example.com,2024-11-01
868,Cliente Sintético 0868,cliente0868@example.com,2024-09-13
869,Cliente Sintético 0869,cliente0869@example.com,2024-07-14
870,Cliente Sintético 0870,cliente0870@example.com,2024-12-27
871,Cliente Sintético 0871,cliente0871@example.com,2024-11-20
872,Cliente Sintético 0872,cliente0872@example.com,2024-12-08
873,Cliente Sintético 0873,cliente0873@example.com,2024-05-20
874,Cliente Sintético 0874,cliente0874@example.com,2024-07-26
875,Cliente Sintético 0875,cliente0875@example.com,2024-06-20
876,Cliente Sintético 0876,cliente0876@example.com,2024-02-29
877,Cliente Sintético 0877,cliente0877@example.com,2024-08-24
878,Cliente Sintético 0878,cliente0878@example.com,2024-10-28
879,Cliente Sintético 0879,cliente0879@example.com,2024-04-25
880,Cliente Sintético 0880,cliente0880@example.com,2024-06-11
881,Cliente Sintético 0881,cliente0881@example.com,2024-01-06
882,Cliente Sintético 0882,cliente0882@example.com,2024-09-03
883,Cliente Sintético 0883,cliente0883@example.com,2024-04-16
884,Cliente Sintético 0884,cliente0884@example.com,2024-01-08
885,Cliente Sintético 0885,cliente0885@example.com,2024-02-21
886,Cliente Sintético 0886,cliente0886@example.com,2024-01-16
887,Cliente Sintético 0887,cliente0887@example.com,2024-06-12
888,Cliente Sintético 0888,cliente0888@example.com,2024-10-11
889,Cliente Sintético 0889,cliente0889@example.com,2024-03-05
890,Cliente Sintético 0890,cliente0890@example.com,2024-02-10
891,Cliente Sintético 0891,cliente0891@example.com,2024-04-03
892,Cliente Sintético 0892,cliente0892@example.com,2024-11-17
893,Cliente Sintético 0893,cliente0893@example.com,2024-09-19
894,Cliente Sintético 0894,cliente0894@example.com,2024-06-07
895,Cliente Sintético 0895,cliente0895@example.com,2024-12-13
896,Cliente Sintético 0896,cliente0896@example.com,2024-03-28
897,Cliente Sintético 0897,cliente0897@example.com,2024-05-04
898,Cliente Sintético 0898,cliente0898@example.com,2024-01-17
899,Cliente Sintético 0899,cliente0899@example.com,2024-06-10
900,Cliente Sintético 0900,cliente0900@example.com,2024-04-19
901,Cliente Sintético 0901,cliente0901@example.com,2024-10-01
902,Cliente Sintético 0902,cliente0902@example.com,2024-07-23
903,Cliente Sintético 0903,cliente0903@example.com,2024-03-11
904,Cliente Sintético 0904,cliente0904@example.com,2024-01-10
905,Cliente Sintético 0905,cliente0905@example.com,2024-12-07
906,Cliente Sintético 0906,cliente0906@example.com,2024-01-26
907,Cliente Sintético 0907,cliente0907@example.com,2024-07-12
908,Cliente Sintético 0908,cliente0908@example.com,2024-09-13
909,Cliente Sintético 0909,cliente0909@example.com,2024-02-25
910,Cliente Sintético 0910,cliente0910@example.com,2024-09-06
911,Cliente Sintético 0911,cliente0911@example.com,2024-02-01
912,Cliente Sintético 0912,cliente0912@example.com,2024-02-14
913,Cliente Sintético 0913,cliente0913@example.com,2024-12-23
914,Cliente Sintético 0914,cliente0914@example.com,2024-01-26
915,Cliente Sintético 0915,cliente0915@example.com,2024-06-25
916,Cliente Sintético 0916,cliente0916@example.com,2024-10-14
917,Cliente Sintético 0917,cliente0917@example.com,2024-11-04
918,Cliente Sintético 0918,cliente0918@example.com,2024-04-24
919,Cliente Sintético 0919,cliente0919@example.com,2024-11-02
920,Cliente Sintético 0920,cliente0920@example.com,2024-02-18
921,Cliente Sintético 0921,cliente0921@example.com,2024-02-08
922,Cliente Sintético 0922,cliente0922@example.com,2024-04-07
923,Cliente Sintético 0923,cliente0923@example.com,2024-01-30
924,Cliente Sintético 0924,cliente0924@example.com,2024-02-07
925,Cliente Sintético 0925,cliente0925@example.com,2024-05-29
926,Cliente Sintético 0926,cliente0926@example.com,2024-09-05
927,Cliente Sintético 0927,cliente0927@example.com,2024-01-13
928,Cliente Sintético 0928,cliente0928@example.com,2024-05-30
929,Cliente Sintético 0929,cliente0929@example.com,2024-01-05
930,Cliente Sintético 0930,cliente0930@example.com,2024-06-11
931,Cliente Sintético 0931,cliente0931@example.com,2024-09-15
932,Cliente Sintético 0932,cliente0932@example.com,2024-02-25
933,Cliente Sintético 0933,cliente0933@example.com,2024-04-22
934,Cliente Sintético 0934,cliente0934@example.com,2024-01-31
935,Cliente Sintético 0935,cliente0935@example.com,2024-12-31
936,Cliente Sintético 0936,cliente0936@example.com,2024-04-23
937,Cliente Sintético 0937,cliente0937@example.com,2024-12-31
938,Cliente Sintético 0938,cliente0938@example.com,2024-07-26
939,Cliente Sintético 0939,cliente0939@example.com,2024-05-14
940,Cliente Sintético 0940,cliente0940@example.com,2024-07-29
941,Cliente Sintético 0941,cliente0941@example.com,2024-08-15
942,Cliente Sintético 0942,cliente0942@example.com,2024-12-13
943,Cliente Sintético 0943,cliente0943@example.com,2024-08-21
944,Cliente Sintético 0944,cliente0944@example.com,2024-03-18
945,Cliente Sintético 0945,cliente0945@example.com,2024-09-27
946,Cliente Sintético 0946,cliente0946@example.com,2024-02-27
947,Cliente Sintético 0947,cliente0947@example.com,2024-09-16
948,Cliente Sintético 0948,cliente0948@example.com,2024-10-20
949,Cliente Sintético 0949,cliente0949@example.com,2024-10-19
950,Cliente Sintético 0950,cliente0950@example.com,2024-01-13
951,Cliente Sintético 0951,cliente0951@example.com,2024-01-12
952,Cliente Sintético 0952,cliente0952@example.com,2024-02-19
953,Cliente Sintético 0953,cliente0953@example.com,2024-09-25
954,Cliente Sintético 0954,cliente0954@example.com,2024-12-26
955,Cliente Sintético 0955,cliente0955@example.com,2024-05-08
956,Cliente Sintético 0956,cliente0956@example.com,2024-10-20
957,Cliente Sintético 0957,cliente0957@example.com,2024-09-24
958,Cliente Sintético 0958,cliente0958@example.com,2024-08-05
959,Cliente Sintético 0959,cliente0959@example.com,2024-12-15
960,Cliente Sintético 0960,cliente0960@example.com,2024-03-23
961,Cliente Sintético 0961,cliente0961@example.com,2024-07-02
962,Cliente Sintético 0962,cliente0962@example.com,2024-04-16
963,Cliente Sintético 0963,cliente0963@example.com,2024-05-25
964,Cliente Sintético 0964,cliente0964@example.com,2024-09-27
965,Cliente Sintético 0965,cliente0965@example.com,2024-07-31
966,Cliente Sintético 0966,cliente0966@example.com,2024-10-06
967,Cliente Sintético 0967,cliente0967@example.com,2024-01-09
968,Cliente Sintético 0968,cliente0968@example.com,2024-12-02
969,Cliente Sintético 0969,cliente0969@example.com,2024-03-27
970,Cliente Sintético 0970,cliente0970@example.com,2024-01-13
971,Cliente Sintético 0971,cliente0971@example.com,2024-05-17
972,Cliente Sintético 0972,cliente0972@example.com,2024-01-24
973,Cliente Sintético 0973,cliente0973@example.com,2024-11-16
974,Cliente Sintético 0974,cliente0974@example.com,2024-04-17
975,Cliente Sintético 0975,cliente0975@example.com,2024-12-11
976,Cliente Sintético 0976,cliente0976@example.com,2024-04-02
977,Cliente Sintético 0977,cliente0977@example.com,2024-10-30
978,Cliente Sintético 0978,cliente0978@example.com,2024-08-02
979,Cliente Sintético 0979,cliente0979@example.com,2024-08-09
980,Cliente Sintético 0980,cliente0980@example.com,2024-11-26
981,Cliente Sintético 0981,cliente0981@example.com,2024-09-29
982,Cliente Sintético 0982,cliente0982@example.com,2024-11-02
983,Cliente Sintético 0983,cliente0983@example.com,2024-09-05
984,Cliente Sintético 0984,cliente0984@example.com,2024-04-21
985,Cliente Sintético 0985,cliente0985@example.com,2024-05-09
986,Cliente Sintético 0986,cliente0986@example.com,2024-11-25
987,Cliente Sintético 0987,cliente0987@example.com,2024-04-27
988,Cliente Sintético 0988,cliente0988@example.com,2024-05-13
989,Cliente Sintético 0989,cliente0989@example.com,2024-06-30
990,Cliente Sintético 0990,cliente0990@example.com,2024-09-29
991,Cliente Sintético 0991,cliente0991@example.com,2024-04-11
992,Cliente Sintético 0992,cliente0992@example.com,2024-02-04
993,Cliente Sintético 0993,cliente0993@example.com,2024-06-10
994,Cliente Sintético 0994,cliente0994@example.com,2024-09-30
995,Cliente Sintético 0995,cliente0995@example.com,2024-02-20
996,Cliente Sintético 0996,cliente0996@example.com,2024-12-06
997,Cliente Sintético 0997,cliente0997@example.com,2024-12-22
998,Cliente Sintético 0998,cliente0998@example.com,2024-11-17
999,Cliente Sintético 0999,cliente0999@example.com,2024-02-18
1000,Cliente Sintético 1000,cliente1000@example.com,2024-10-07
1,Cliente Sintético 0001,cliente0001@example.com,2024-08-14
2,Cliente Sintético 0002,cliente0002@example.com,2024-12-16
